promotion_id,product_id,store_id,promotion_type,start_date,end_date,duration_days,discount_percentage,display_flag,bundle_flag,promotion_channel,region,promotion_units,promotion_spend
PR0000001,P00001,S00169,Price Discount,2023-01-05,2023-01-14,10,39.69,True,False,In-store,South,2298,65702.94
PR0000002,P00001,S00169,Display,2023-09-21,2023-10-01,11,10.65,True,False,Digital,South,914,35608.55
PR0000003,P00001,S00169,Bundle,2024-01-06,2024-01-24,19,7.91,False,True,In-store,South,1616,162173.58
PR0000004,P00001,S00169,Loyalty Offer,2024-03-18,2024-03-31,14,8.4,False,False,In-store,South,2411,60101.2
PR0000005,P00001,S00169,Buy One Get One,2024-04-08,2024-04-15,8,8.53,True,False,Both,South,1872,180376.67
PR0000006,P00001,S00169,Coupon,2024-07-06,2024-07-23,18,13.43,False,False,Both,South,1913,120718.63
PR0000007,P00001,S00169,Price Discount,2024-08-04,2024-08-13,10,27.53,False,False,In-store,South,1416,193991.31
PR0000008,P00001,S00169,Price Discount,2024-12-02,2024-12-18,17,39.55,False,False,Both,South,2248,126261.87
PR0000009,P00001,S00169,Price Discount,2025-01-11,2025-01-27,17,14.94,False,False,In-store,South,1937,98739.55
PR0000010,P00001,S00169,Price Discount,2025-04-27,2025-05-12,16,12.66,False,False,Both,South,2035,26664.22
PR0000011,P00001,S00169,Loyalty Offer,2025-06-06,2025-06-17,12,22.87,True,False,In-store,South,1535,111604.17
PR0000012,P00001,S00169,Bundle,2025-09-20,2025-10-02,13,14.83,False,True,In-store,South,895,117753.59
PR0000013,P00001,S00169,Buy One Get One,2025-11-22,2025-11-28,7,34.86,False,False,Digital,South,1301,78342.17
PR0000014,P00001,S00001,Display,2023-01-18,2023-01-22,5,23.82,True,False,In-store,Central,420,167436.54
PR0000015,P00001,S00001,Coupon,2023-05-11,2023-05-31,21,15.35,False,False,In-store,Central,1394,98255.58
PR0000016,P00001,S00001,Display,2023-08-21,2023-08-27,7,27.49,True,False,Both,Central,490,19606.16
PR0000017,P00001,S00001,Buy One Get One,2024-01-03,2024-01-21,19,28.58,False,False,In-store,Central,1134,216867.79
PR0000018,P00001,S00001,Coupon,2024-02-11,2024-02-16,6,27.17,False,False,Digital,Central,347,107041.95
PR0000019,P00001,S00001,Bundle,2024-04-04,2024-04-18,15,34.51,False,True,Both,Central,2327,100341.32
PR0000020,P00001,S00001,Price Discount,2024-05-30,2024-06-16,18,5.23,False,False,In-store,Central,821,112000.49
PR0000021,P00001,S00001,Bundle,2024-09-02,2024-09-13,12,37.59,False,True,In-store,Central,1033,167739.76
PR0000022,P00001,S00001,Coupon,2025-07-14,2025-08-02,20,21.74,False,False,Digital,Central,821,57901.08
PR0000023,P00001,S00001,Coupon,2025-12-13,2025-12-23,11,19.35,False,False,Digital,Central,398,167062.72
PR0000024,P00001,S00117,Price Discount,2023-01-02,2023-01-10,9,29.93,False,False,Digital,East,1049,102057.23
PR0000025,P00001,S00117,Price Discount,2023-01-12,2023-01-17,6,27.0,False,False,Both,East,346,153579.81
PR0000026,P00001,S00117,Coupon,2023-03-16,2023-03-29,14,34.04,False,False,In-store,East,1587,45611.19
PR0000027,P00001,S00117,Display,2023-05-08,2023-05-14,7,11.37,True,False,In-store,East,628,38075.48
PR0000028,P00001,S00117,Display,2023-08-19,2023-08-25,7,20.45,True,False,Both,East,534,52416.45
PR0000029,P00001,S00117,Coupon,2023-11-19,2023-12-02,14,10.0,False,False,Both,East,616,216073.74
PR0000030,P00001,S00117,Display,2024-01-29,2024-02-17,20,39.34,True,False,Digital,East,3363,82268.78
PR0000031,P00001,S00117,Price Discount,2024-04-09,2024-04-15,7,22.73,False,False,Both,East,944,37658.07
PR0000032,P00001,S00117,Bundle,2024-04-30,2024-05-10,11,33.53,True,True,In-store,East,1670,193874.12
PR0000033,P00001,S00117,Display,2024-05-13,2024-05-21,9,37.06,True,False,In-store,East,1908,157127.09
PR0000034,P00001,S00117,Price Discount,2024-05-22,2024-06-08,18,13.13,False,False,Digital,East,1326,152713.67
PR0000035,P00001,S00117,Loyalty Offer,2024-06-09,2024-06-20,12,32.65,False,False,Both,East,1059,149513.74
PR0000036,P00001,S00117,Price Discount,2024-06-28,2024-07-08,11,31.46,False,False,In-store,East,1496,216897.2
PR0000037,P00001,S00117,Price Discount,2024-07-25,2024-08-03,10,5.64,False,False,Digital,East,481,80019.43
PR0000038,P00001,S00117,Bundle,2024-08-18,2024-08-23,6,23.7,False,True,Both,East,225,163708.07
PR0000039,P00001,S00117,Bundle,2025-04-02,2025-04-07,6,25.24,False,True,Both,East,510,45694.67
PR0000040,P00001,S00117,Coupon,2025-04-12,2025-04-18,7,35.73,False,False,In-store,East,1103,173821.06
PR0000041,P00001,S00117,Display,2025-08-25,2025-09-09,16,7.25,True,False,In-store,East,735,168848.7
PR0000042,P00001,S00181,Display,2023-02-21,2023-03-10,18,16.34,True,False,In-store,West,2492,142133.15
PR0000043,P00001,S00181,Price Discount,2023-04-28,2023-05-09,12,7.28,False,False,Digital,West,1032,177633.51
PR0000044,P00001,S00181,Bundle,2023-07-26,2023-07-31,6,29.42,False,True,Digital,West,594,209738.3
PR0000045,P00001,S00181,Coupon,2024-02-17,2024-03-05,18,28.29,False,False,In-store,West,1652,86485.52
PR0000046,P00001,S00181,Display,2024-03-30,2024-04-12,14,14.78,True,False,In-store,West,2251,91209.84
PR0000047,P00001,S00181,Display,2024-07-20,2024-07-28,9,14.34,True,False,In-store,West,665,95981.72
PR0000048,P00001,S00181,Loyalty Offer,2024-08-14,2024-08-21,8,26.31,False,False,Both,West,1113,101730.69
PR0000049,P00001,S00181,Price Discount,2024-09-08,2024-09-18,11,18.23,False,False,Both,West,686,160341.64
PR0000050,P00001,S00181,Buy One Get One,2024-10-04,2024-10-15,12,27.62,True,False,In-store,West,2087,159270.79
PR0000051,P00001,S00181,Loyalty Offer,2025-01-21,2025-02-04,15,19.38,False,False,Both,West,946,173104.39
PR0000052,P00001,S00181,Price Discount,2025-03-02,2025-03-15,14,13.71,False,False,Digital,West,1333,198431.3
PR0000053,P00001,S00181,Display,2025-04-17,2025-04-23,7,10.66,True,False,Digital,West,638,89027.68
PR0000054,P00001,S00181,Bundle,2025-06-05,2025-06-12,8,16.0,True,True,Both,West,708,34971.46
PR0000055,P00001,S00181,Price Discount,2025-06-25,2025-07-14,20,22.77,False,False,Both,West,1180,138292.03
PR0000056,P00001,S00181,Price Discount,2025-09-07,2025-09-27,21,18.4,False,False,Both,West,1207,110478.73
PR0000057,P00001,S00181,Price Discount,2025-10-27,2025-11-03,8,11.51,False,False,Digital,West,344,75038.68
PR0000058,P00001,S00059,Price Discount,2023-01-01,2023-01-15,15,38.49,False,False,In-store,North,444,173944.84
PR0000059,P00001,S00059,Price Discount,2023-05-16,2023-05-29,14,31.25,False,False,Both,North,454,190126.64
PR0000060,P00001,S00059,Price Discount,2023-08-05,2023-08-24,20,19.11,False,False,In-store,North,207,140444.49
PR0000061,P00001,S00059,Buy One Get One,2023-09-21,2023-10-06,16,13.89,False,False,In-store,North,163,163063.04
PR0000062,P00001,S00059,Display,2024-01-07,2024-01-26,20,28.48,True,False,In-store,North,274,146737.84
PR0000063,P00001,S00059,Display,2024-02-06,2024-02-20,15,19.77,True,False,In-store,North,237,95628.79
PR0000064,P00001,S00059,Bundle,2024-05-14,2024-05-20,7,5.69,True,True,In-store,North,93,132718.15
PR0000065,P00001,S00059,Price Discount,2024-05-26,2024-06-01,7,36.26,False,False,In-store,North,235,155851.49
PR0000066,P00001,S00059,Bundle,2024-06-03,2024-06-20,18,30.7,False,True,Both,North,438,213890.89
PR0000067,P00001,S00059,Display,2024-07-19,2024-08-04,17,29.0,True,False,In-store,North,197,131895.98
PR0000068,P00001,S00059,Price Discount,2024-08-25,2024-09-02,9,20.27,True,False,Both,North,128,219259.31
PR0000069,P00001,S00059,Coupon,2024-10-26,2024-11-02,8,38.95,False,False,Both,North,193,106220.56
PR0000070,P00001,S00059,Bundle,2024-12-13,2024-12-23,11,5.82,False,True,Both,North,72,38442.87
PR0000071,P00001,S00059,Price Discount,2025-03-17,2025-03-26,10,29.68,False,False,Digital,North,187,38028.68
PR0000072,P00001,S00059,Loyalty Offer,2025-06-10,2025-06-29,20,14.71,False,False,In-store,North,244,193027.17
PR0000073,P00001,S00059,Buy One Get One,2025-09-26,2025-10-16,21,18.99,False,False,In-store,North,211,157945.13
PR0000074,P00001,S00180,Display,2023-01-01,2023-01-15,15,6.26,True,False,Both,North,503,189261.99
PR0000075,P00001,S00180,Loyalty Offer,2023-06-07,2023-06-21,15,36.67,False,False,In-store,North,2097,60949.84
PR0000076,P00001,S00180,Coupon,2023-09-12,2023-09-17,6,31.14,False,False,Both,North,757,175031.47
PR0000077,P00001,S00180,Coupon,2023-10-22,2023-10-29,8,15.47,False,False,In-store,North,344,44443.75
PR0000078,P00001,S00180,Display,2024-04-26,2024-04-30,5,17.98,True,False,Digital,North,314,143246.02
PR0000079,P00001,S00180,Price Discount,2024-05-02,2024-05-09,8,28.49,False,False,In-store,North,362,24412.89
PR0000080,P00001,S00180,Coupon,2024-05-26,2024-06-05,11,6.28,False,False,Digital,North,349,55588.63
PR0000081,P00001,S00180,Bundle,2024-07-01,2024-07-11,11,6.31,False,True,Both,North,427,80428.18
PR0000082,P00001,S00180,Loyalty Offer,2024-07-12,2024-07-25,14,16.48,False,False,Both,North,659,153479.98
PR0000083,P00001,S00180,Price Discount,2024-07-31,2024-08-19,20,38.04,False,False,In-store,North,1804,83268.45
PR0000084,P00001,S00180,Buy One Get One,2024-09-21,2024-10-08,18,8.54,True,False,Digital,North,491,186604.78
PR0000085,P00001,S00180,Price Discount,2024-11-01,2024-11-18,18,13.25,False,False,Both,North,434,161818.7
PR0000086,P00001,S00180,Display,2024-12-21,2025-01-08,19,22.74,True,False,In-store,North,524,58791.34
PR0000087,P00001,S00180,Display,2025-02-02,2025-02-06,5,32.06,True,False,Both,North,266,56959.57
PR0000088,P00001,S00180,Display,2025-02-21,2025-03-04,12,20.52,True,False,Both,North,464,40734.56
PR0000089,P00001,S00180,Price Discount,2025-03-25,2025-04-06,13,5.99,False,False,In-store,North,427,51379.56
PR0000090,P00001,S00180,Coupon,2025-05-15,2025-05-20,6,33.83,False,False,Both,North,195,160156.62
PR0000091,P00001,S00180,Display,2025-06-30,2025-07-12,13,37.96,True,False,In-store,North,968,156843.24
PR0000092,P00001,S00180,Buy One Get One,2025-10-23,2025-10-30,8,5.74,True,False,Both,North,134,148094.99
PR0000093,P00001,S00180,Price Discount,2025-11-17,2025-11-27,11,33.38,False,False,In-store,North,322,208675.62
PR0000094,P00001,S00180,Coupon,2025-11-29,2025-12-03,5,37.17,False,False,Both,North,238,159667.75
PR0000095,P00001,S00046,Price Discount,2023-02-21,2023-03-08,16,28.17,False,False,In-store,North,1765,206097.99
PR0000096,P00001,S00046,Price Discount,2023-05-25,2023-06-14,21,5.62,False,False,Both,North,1614,22142.97
PR0000097,P00001,S00046,Price Discount,2023-07-13,2023-08-01,20,21.47,False,False,In-store,North,1471,217667.22
PR0000098,P00001,S00046,Buy One Get One,2023-09-17,2023-10-02,16,26.89,True,False,In-store,North,1199,37843.81
PR0000099,P00001,S00046,Coupon,2023-10-03,2023-10-21,19,30.89,False,False,Both,North,1108,154290.68
PR0000100,P00001,S00046,Loyalty Offer,2024-02-21,2024-03-07,16,6.91,False,False,Both,North,799,162434.13
PR0000101,P00001,S00046,Price Discount,2024-07-28,2024-08-17,21,18.39,False,False,Digital,North,1639,118524.78
PR0000102,P00001,S00046,Price Discount,2024-09-16,2024-10-03,18,20.46,False,False,Both,North,1139,166106.95
PR0000103,P00001,S00046,Price Discount,2024-10-19,2024-11-04,17,37.51,False,False,In-store,North,1865,128694.46
PR0000104,P00001,S00046,Display,2025-05-26,2025-05-31,6,16.11,True,False,In-store,North,612,64846.72
PR0000105,P00001,S00046,Price Discount,2025-07-18,2025-07-29,12,29.2,False,False,In-store,North,1142,49414.16
PR0000106,P00001,S00046,Bundle,2025-08-18,2025-08-28,11,10.01,False,True,In-store,North,879,21277.68
PR0000107,P00001,S00030,Buy One Get One,2023-02-27,2023-03-16,18,9.47,True,False,In-store,North,2133,112805.29
PR0000108,P00001,S00030,Coupon,2023-05-24,2023-06-02,10,14.44,False,False,In-store,North,1547,40289.43
PR0000109,P00001,S00030,Bundle,2023-07-06,2023-07-15,10,17.32,False,True,Both,North,1810,168855.08
PR0000110,P00001,S00030,Price Discount,2023-10-13,2023-10-17,5,17.47,False,False,Both,North,485,68462.85
PR0000111,P00001,S00030,Price Discount,2023-11-04,2023-11-16,13,31.34,False,False,Digital,North,2203,51856.5
PR0000112,P00001,S00030,Bundle,2024-06-21,2024-07-11,21,10.02,True,True,Digital,North,3902,195431.26
PR0000113,P00001,S00030,Display,2024-09-30,2024-10-16,17,33.89,True,False,Digital,North,2323,89023.9
PR0000114,P00001,S00030,Loyalty Offer,2025-06-26,2025-07-09,14,26.85,False,False,Both,North,1859,104697.6
PR0000115,P00001,S00030,Bundle,2025-07-23,2025-08-09,18,28.76,False,True,Digital,North,5553,75933.79
PR0000116,P00001,S00030,Price Discount,2025-10-16,2025-10-21,6,37.58,False,False,In-store,North,607,195620.37
PR0000117,P00002,S00053,Price Discount,2023-01-25,2023-02-05,12,21.27,False,False,In-store,South,0,210463.86
PR0000118,P00002,S00053,Buy One Get One,2023-03-17,2023-03-24,8,35.97,False,False,Digital,South,0,182177.65
PR0000119,P00002,S00053,Buy One Get One,2023-04-13,2023-04-17,5,27.99,False,False,In-store,South,0,40189.36
PR0000120,P00002,S00053,Display,2023-06-25,2023-07-02,8,21.67,True,False,Digital,South,0,57937.03
PR0000121,P00002,S00053,Display,2023-07-09,2023-07-15,7,33.54,True,False,In-store,South,0,86744.23
PR0000122,P00002,S00053,Coupon,2023-08-18,2023-09-06,20,14.16,False,False,In-store,South,0,60216.75
PR0000123,P00002,S00053,Loyalty Offer,2023-11-23,2023-12-10,18,26.18,False,False,In-store,South,0,33175.67
PR0000124,P00002,S00053,Display,2024-01-17,2024-01-31,15,38.87,True,False,In-store,South,0,146873.65
PR0000125,P00002,S00053,Loyalty Offer,2024-02-09,2024-02-28,20,26.1,False,False,Digital,South,0,49216.44
PR0000126,P00002,S00053,Buy One Get One,2024-03-26,2024-03-30,5,22.33,False,False,Both,South,0,47405.64
PR0000127,P00002,S00053,Price Discount,2024-05-26,2024-05-31,6,21.07,False,False,In-store,South,0,80406.54
PR0000128,P00002,S00053,Price Discount,2024-06-03,2024-06-13,11,22.89,False,False,Digital,South,0,143770.65
PR0000129,P00002,S00053,Price Discount,2024-07-01,2024-07-10,10,11.94,False,False,In-store,South,0,22988.18
PR0000130,P00002,S00053,Display,2024-08-21,2024-08-31,11,12.51,True,False,Digital,South,0,104242.14
PR0000131,P00002,S00053,Bundle,2024-12-01,2024-12-18,18,10.65,False,True,In-store,South,1,199392.0
PR0000132,P00002,S00053,Display,2025-01-23,2025-01-28,6,32.61,True,False,In-store,South,235,177886.8
PR0000133,P00002,S00053,Buy One Get One,2025-02-17,2025-03-08,20,6.88,False,False,In-store,South,381,168702.19
PR0000134,P00002,S00053,Bundle,2025-05-02,2025-05-22,21,18.13,False,True,Both,South,719,74769.55
PR0000135,P00002,S00053,Display,2025-06-08,2025-06-22,15,18.3,True,False,In-store,South,467,46533.55
PR0000136,P00002,S00053,Bundle,2025-08-15,2025-09-02,19,28.77,False,True,Both,South,1302,178083.68
PR0000137,P00002,S00053,Bundle,2025-09-20,2025-10-05,16,21.82,False,True,In-store,South,738,192475.23
PR0000138,P00002,S00177,Display,2023-03-25,2023-04-10,17,14.22,True,False,In-store,North,0,201808.63
PR0000139,P00002,S00177,Bundle,2023-11-21,2023-11-30,10,27.11,False,True,Both,North,0,84530.97
PR0000140,P00002,S00177,Coupon,2024-02-15,2024-02-22,8,26.54,True,False,In-store,North,0,70582.82
PR0000141,P00002,S00177,Coupon,2024-07-07,2024-07-14,8,15.59,False,False,In-store,North,0,218226.58
PR0000142,P00002,S00177,Display,2024-08-21,2024-08-25,5,31.34,True,False,Both,North,0,115632.26
PR0000143,P00002,S00177,Bundle,2024-11-28,2024-12-18,21,6.54,False,True,In-store,North,0,215612.72
PR0000144,P00002,S00177,Loyalty Offer,2025-02-16,2025-02-24,9,25.23,False,False,In-store,North,134,109375.99
PR0000145,P00002,S00177,Coupon,2025-03-06,2025-03-23,18,37.68,False,False,Digital,North,545,21782.87
PR0000146,P00002,S00177,Price Discount,2025-04-01,2025-04-19,19,8.31,False,False,In-store,North,189,77264.19
PR0000147,P00002,S00177,Loyalty Offer,2025-04-25,2025-05-15,21,38.07,False,False,Digital,North,627,21764.87
PR0000148,P00002,S00177,Buy One Get One,2025-06-02,2025-06-15,14,38.33,True,False,In-store,North,586,31872.87
PR0000149,P00002,S00177,Buy One Get One,2025-06-23,2025-06-27,5,39.25,False,False,Digital,North,133,83740.47
PR0000150,P00002,S00177,Price Discount,2025-07-11,2025-07-21,11,35.13,False,False,In-store,North,308,52579.32
PR0000151,P00002,S00117,Coupon,2023-09-03,2023-09-17,15,23.24,False,False,In-store,East,0,141593.55
PR0000152,P00002,S00117,Price Discount,2023-10-28,2023-11-03,7,25.88,False,False,Both,East,0,136474.79
PR0000153,P00002,S00117,Price Discount,2024-04-25,2024-05-14,20,27.51,False,False,Both,East,0,20473.2
PR0000154,P00002,S00117,Coupon,2024-08-31,2024-09-15,16,17.56,False,False,Digital,East,0,53383.71
PR0000155,P00002,S00117,Bundle,2024-10-13,2024-10-18,6,34.92,False,True,Digital,East,0,67336.33
PR0000156,P00002,S00117,Display,2024-11-25,2024-12-08,14,29.29,True,False,In-store,East,0,125871.84
PR0000157,P00002,S00117,Coupon,2025-03-29,2025-04-06,9,32.33,False,False,Digital,East,725,208040.05
PR0000158,P00002,S00117,Buy One Get One,2025-08-02,2025-08-12,11,37.74,False,False,Digital,East,1678,207499.02
PR0000159,P00002,S00117,Loyalty Offer,2025-09-16,2025-10-02,17,22.4,False,False,Both,East,1230,174908.81
PR0000160,P00002,S00117,Coupon,2025-12-22,2025-12-31,10,38.02,False,False,Both,East,833,77220.4
PR0000161,P00002,S00027,Display,2023-01-10,2023-01-17,8,34.57,True,False,In-store,South,0,81984.49
PR0000162,P00002,S00027,Price Discount,2023-02-21,2023-03-10,18,26.87,False,False,In-store,South,0,133454.18
PR0000163,P00002,S00027,Coupon,2023-08-11,2023-08-19,9,32.14,False,False,Both,South,0,26882.89
PR0000164,P00002,S00027,Price Discount,2023-10-26,2023-11-07,13,35.95,False,False,Digital,South,0,205472.73
PR0000165,P00002,S00027,Price Discount,2023-12-15,2024-01-01,18,35.48,False,False,Digital,South,0,201777.55
PR0000166,P00002,S00027,Display,2024-06-01,2024-06-21,21,31.56,True,False,In-store,South,0,113449.23
PR0000167,P00002,S00027,Coupon,2024-08-08,2024-08-13,6,27.68,False,False,In-store,South,0,16045.8
PR0000168,P00002,S00027,Bundle,2024-09-07,2024-09-27,21,39.34,False,True,Both,South,0,193855.78
PR0000169,P00002,S00027,Loyalty Offer,2024-12-17,2024-12-27,11,23.44,False,False,In-store,South,92,205982.18
PR0000170,P00002,S00027,Price Discount,2025-02-13,2025-02-27,15,34.41,False,False,Both,South,1805,114060.45
PR0000171,P00002,S00027,Coupon,2025-05-06,2025-05-23,18,39.11,False,False,In-store,South,2148,90300.25
PR0000172,P00002,S00027,Display,2025-05-25,2025-06-14,21,19.9,True,False,Both,South,1600,124706.64
PR0000173,P00002,S00027,Price Discount,2025-09-25,2025-10-15,21,7.89,False,False,Both,South,596,146261.57
PR0000174,P00002,S00027,Buy One Get One,2025-11-15,2025-11-29,15,14.44,True,False,In-store,South,514,153471.63
PR0000175,P00002,S00119,Coupon,2023-03-12,2023-04-01,21,34.76,False,False,Both,East,0,166844.3
PR0000176,P00002,S00119,Coupon,2023-05-01,2023-05-11,11,9.27,False,False,In-store,East,0,26381.19
PR0000177,P00002,S00119,Price Discount,2023-06-08,2023-06-23,16,36.91,False,False,Both,East,0,67111.32
PR0000178,P00002,S00119,Bundle,2023-07-08,2023-07-26,19,30.73,True,True,In-store,East,0,144437.1
PR0000179,P00002,S00119,Coupon,2023-09-09,2023-09-27,19,18.17,False,False,Both,East,0,211151.55
PR0000180,P00002,S00119,Display,2023-11-15,2023-12-04,20,14.77,True,False,Digital,East,0,130046.64
PR0000181,P00002,S00119,Buy One Get One,2024-06-09,2024-06-17,9,22.86,False,False,In-store,East,0,25739.57
PR0000182,P00002,S00119,Coupon,2024-07-09,2024-07-26,18,14.88,False,False,Digital,East,0,148828.19
PR0000183,P00002,S00119,Price Discount,2024-09-13,2024-10-02,20,7.84,False,False,In-store,East,0,214462.75
PR0000184,P00002,S00119,Buy One Get One,2025-01-31,2025-02-12,13,33.21,True,False,In-store,East,837,117582.97
PR0000185,P00002,S00119,Coupon,2025-02-19,2025-03-01,11,10.91,False,False,In-store,East,489,179646.2
PR0000186,P00002,S00119,Loyalty Offer,2025-03-09,2025-03-19,11,36.28,False,False,In-store,East,1242,118446.7
PR0000187,P00002,S00119,Display,2025-04-16,2025-04-27,12,18.56,True,False,Both,East,510,71629.84
PR0000188,P00002,S00119,Buy One Get One,2025-05-23,2025-06-05,14,36.39,False,False,In-store,East,1243,67766.04
PR0000189,P00002,S00119,Coupon,2025-06-17,2025-07-07,21,39.17,False,False,Both,East,1690,153931.87
PR0000190,P00002,S00119,Bundle,2025-07-11,2025-07-23,13,5.5,False,True,Digital,East,483,194623.9
PR0000191,P00002,S00119,Price Discount,2025-09-02,2025-09-13,12,21.22,False,False,Digital,East,570,162049.1
PR0000192,P00002,S00119,Price Discount,2025-11-27,2025-12-15,19,12.7,False,False,Both,East,472,213083.95
PR0000193,P00002,S00124,Buy One Get One,2023-01-07,2023-01-19,13,11.03,True,False,Digital,East,0,158698.54
PR0000194,P00002,S00124,Price Discount,2023-03-03,2023-03-22,20,37.75,False,False,In-store,East,0,132755.29
PR0000195,P00002,S00124,Coupon,2023-05-21,2023-06-10,21,23.68,False,False,Digital,East,0,127573.83
PR0000196,P00002,S00124,Price Discount,2024-03-04,2024-03-19,16,25.08,False,False,Both,East,0,174051.53
PR0000197,P00002,S00124,Buy One Get One,2024-04-30,2024-05-11,12,24.32,False,False,In-store,East,0,158813.54
PR0000198,P00002,S00124,Bundle,2024-07-13,2024-07-18,6,16.91,False,True,In-store,East,0,198782.31
PR0000199,P00002,S00124,Price Discount,2024-12-06,2024-12-25,20,31.49,False,False,In-store,East,88,72402.78
PR0000200,P00002,S00124,Coupon,2025-02-25,2025-03-10,14,26.21,False,False,In-store,East,562,39522.93
PR0000201,P00002,S00124,Price Discount,2025-04-25,2025-05-06,12,32.79,False,False,In-store,East,1081,75503.12
PR0000202,P00002,S00124,Price Discount,2025-07-12,2025-08-01,21,28.77,False,False,In-store,East,1968,36942.76
PR0000203,P00002,S00124,Display,2025-08-06,2025-08-13,8,25.92,True,False,In-store,East,843,106308.94
PR0000204,P00002,S00124,Price Discount,2025-09-22,2025-10-03,12,22.72,False,False,In-store,East,848,107001.23
PR0000205,P00002,S00124,Buy One Get One,2025-10-05,2025-10-11,7,11.74,True,False,In-store,East,254,209134.68
PR0000206,P00002,S00038,Buy One Get One,2023-01-08,2023-01-12,5,26.68,False,False,In-store,East,0,147190.21
PR0000207,P00002,S00038,Display,2023-01-15,2023-01-24,10,30.78,True,False,Both,East,0,181473.53
PR0000208,P00002,S00038,Price Discount,2023-01-31,2023-02-09,10,25.68,False,False,In-store,East,0,31822.35
PR0000209,P00002,S00038,Price Discount,2023-08-01,2023-08-14,14,5.59,False,False,Both,East,0,44143.27
PR0000210,P00002,S00038,Price Discount,2023-09-27,2023-10-11,15,39.29,True,False,Digital,East,0,131933.39
PR0000211,P00002,S00038,Price Discount,2023-12-14,2024-01-02,20,30.9,False,False,Both,East,0,87584.05
PR0000212,P00002,S00038,Price Discount,2024-04-20,2024-04-26,7,24.34,False,False,In-store,East,0,129130.29
PR0000213,P00002,S00038,Buy One Get One,2024-05-22,2024-06-05,15,37.84,True,False,In-store,East,0,36605.19
PR0000214,P00002,S00038,Bundle,2024-07-08,2024-07-19,12,29.87,True,True,Digital,East,0,70484.47
PR0000215,P00002,S00038,Price Discount,2024-08-18,2024-09-01,15,38.63,False,False,Both,East,0,38306.46
PR0000216,P00002,S00038,Bundle,2024-09-30,2024-10-10,11,13.62,False,True,In-store,East,0,151709.38
PR0000217,P00002,S00038,Price Discount,2024-12-02,2024-12-12,11,18.25,True,False,In-store,East,0,21116.55
PR0000218,P00002,S00038,Price Discount,2024-12-14,2025-01-03,21,12.99,False,False,Digital,East,126,195457.83
PR0000219,P00002,S00038,Price Discount,2025-02-26,2025-03-14,17,35.86,False,False,Both,East,1153,79295.16
PR0000220,P00002,S00038,Bundle,2025-03-16,2025-04-01,17,10.59,False,True,Both,East,636,74254.28
PR0000221,P00002,S00038,Display,2025-05-23,2025-05-30,8,25.65,True,False,Both,East,525,188823.44
PR0000222,P00002,S00038,Buy One Get One,2025-06-28,2025-07-15,18,16.64,True,False,Digital,East,855,98397.79
PR0000223,P00002,S00038,Loyalty Offer,2025-08-01,2025-08-07,7,13.23,False,False,Digital,East,360,153137.97
PR0000224,P00002,S00038,Price Discount,2025-08-23,2025-09-12,21,22.36,False,False,In-store,East,1054,168477.78
PR0000225,P00002,S00038,Display,2025-12-20,2025-12-31,12,20.1,True,False,Digital,East,360,215756.37
PR0000226,P00002,S00139,Bundle,2023-01-12,2023-01-17,6,33.18,False,True,Both,West,0,109364.21
PR0000227,P00002,S00139,Display,2023-02-02,2023-02-15,14,32.93,True,False,Digital,West,0,29913.22
PR0000228,P00002,S00139,Coupon,2023-06-03,2023-06-13,11,6.89,True,False,In-store,West,0,36716.8
PR0000229,P00002,S00139,Price Discount,2023-06-16,2023-06-28,13,7.61,False,False,In-store,West,0,68311.94
PR0000230,P00002,S00139,Price Discount,2023-08-31,2023-09-06,7,36.19,False,False,In-store,West,0,47170.09
PR0000231,P00002,S00139,Buy One Get One,2023-11-18,2023-12-08,21,37.97,False,False,In-store,West,0,53532.78
PR0000232,P00002,S00139,Display,2023-12-16,2023-12-31,16,37.84,True,False,Digital,West,0,142856.09
PR0000233,P00002,S00139,Display,2024-01-06,2024-01-22,17,18.95,True,False,Both,West,0,73099.73
PR0000234,P00002,S00139,Coupon,2024-04-07,2024-04-27,21,28.3,False,False,Digital,West,0,190273.81
PR0000235,P00002,S00139,Price Discount,2024-05-28,2024-06-10,14,37.9,False,False,In-store,West,0,56605.61
PR0000236,P00002,S00139,Display,2024-06-12,2024-07-01,20,33.91,True,False,Both,West,0,115693.26
PR0000237,P00002,S00139,Price Discount,2024-08-03,2024-08-14,12,34.37,False,False,In-store,West,0,198861.13
PR0000238,P00002,S00139,Price Discount,2024-08-18,2024-08-28,11,38.54,False,False,Digital,West,0,134116.21
PR0000239,P00002,S00139,Price Discount,2024-09-07,2024-09-16,10,25.73,False,False,In-store,West,0,213539.35
PR0000240,P00002,S00139,Price Discount,2025-03-17,2025-04-04,19,16.52,False,False,Both,West,2255,72521.91
PR0000241,P00002,S00139,Buy One Get One,2025-05-23,2025-06-08,17,33.35,False,False,Digital,West,4623,157468.06
PR0000242,P00002,S00139,Buy One Get One,2025-11-21,2025-12-07,17,6.85,True,False,In-store,West,714,171752.85
PR0000243,P00002,S00169,Buy One Get One,2023-02-07,2023-02-16,10,27.09,False,False,Digital,South,0,42348.9
PR0000244,P00002,S00169,Buy One Get One,2023-05-25,2023-06-02,9,16.95,True,False,Both,South,0,180936.17
PR0000245,P00002,S00169,Buy One Get One,2023-08-21,2023-09-06,17,33.44,True,False,In-store,South,0,126906.21
PR0000246,P00002,S00169,Buy One Get One,2024-04-21,2024-04-30,10,15.46,False,False,In-store,South,0,113438.21
PR0000247,P00002,S00169,Coupon,2024-05-28,2024-06-11,15,29.56,False,False,In-store,South,0,127571.48
PR0000248,P00002,S00169,Display,2024-07-02,2024-07-11,10,11.07,True,False,Digital,South,0,206517.53
PR0000249,P00002,S00169,Buy One Get One,2024-07-22,2024-07-31,10,26.67,True,False,Digital,South,0,58803.51
PR0000250,P00002,S00169,Bundle,2024-09-01,2024-09-16,16,29.19,False,True,In-store,South,0,126664.19
PR0000251,P00002,S00169,Loyalty Offer,2024-10-29,2024-11-05,8,20.56,False,False,Digital,South,0,174687.88
PR0000252,P00002,S00169,Coupon,2025-01-02,2025-01-10,9,5.78,False,False,In-store,South,131,195170.91
PR0000253,P00002,S00169,Price Discount,2025-02-12,2025-03-02,19,19.44,False,False,In-store,South,1398,163971.43
PR0000254,P00002,S00169,Price Discount,2025-05-12,2025-06-01,21,7.75,False,False,Digital,South,1390,208128.39
PR0000255,P00002,S00169,Price Discount,2025-06-17,2025-06-27,11,36.32,False,False,In-store,South,1957,166775.67
PR0000256,P00002,S00001,Price Discount,2023-05-12,2023-05-23,12,9.01,False,False,In-store,Central,0,178801.17
PR0000257,P00002,S00001,Buy One Get One,2023-07-03,2023-07-18,16,38.53,True,False,In-store,Central,0,166208.19
PR0000258,P00002,S00001,Display,2023-07-23,2023-08-09,18,9.37,True,False,Both,Central,0,60004.42
PR0000259,P00002,S00001,Price Discount,2023-10-12,2023-10-18,7,26.28,False,False,Digital,Central,0,170354.45
PR0000260,P00002,S00001,Buy One Get One,2023-10-27,2023-11-03,8,20.52,False,False,In-store,Central,0,90773.46
PR0000261,P00002,S00001,Coupon,2024-02-09,2024-02-26,18,21.18,False,False,Digital,Central,0,142483.94
PR0000262,P00002,S00001,Price Discount,2024-10-22,2024-10-26,5,16.09,True,False,In-store,Central,0,135200.66
PR0000263,P00002,S00001,Price Discount,2025-01-13,2025-02-02,21,16.18,False,False,In-store,Central,443,53526.89
PR0000264,P00002,S00001,Bundle,2025-02-27,2025-03-16,18,8.0,False,True,Digital,Central,506,111654.44
PR0000265,P00002,S00001,Display,2025-05-30,2025-06-08,10,19.08,True,False,Digital,Central,505,102654.23
PR0000266,P00002,S00001,Price Discount,2025-06-12,2025-06-19,8,28.08,True,False,Digital,Central,664,197062.77
PR0000267,P00002,S00001,Display,2025-07-18,2025-08-06,20,27.39,True,False,In-store,Central,1146,46759.71
PR0000268,P00002,S00001,Bundle,2025-12-04,2025-12-20,17,6.95,False,True,In-store,Central,269,79971.06
PR0000269,P00002,S00079,Coupon,2023-01-22,2023-01-31,10,34.7,False,False,In-store,South,0,158096.83
PR0000270,P00002,S00079,Bundle,2023-02-12,2023-03-04,21,33.06,False,True,In-store,South,0,163227.9
PR0000271,P00002,S00079,Bundle,2023-03-23,2023-03-29,7,33.83,False,True,In-store,South,0,24066.97
PR0000272,P00002,S00079,Buy One Get One,2023-04-06,2023-04-13,8,26.33,False,False,In-store,South,0,196288.56
PR0000273,P00002,S00079,Price Discount,2023-04-22,2023-04-27,6,16.28,True,False,In-store,South,0,27849.28
PR0000274,P00002,S00079,Price Discount,2024-01-30,2024-02-11,13,30.91,False,False,Both,South,0,200458.22
PR0000275,P00002,S00079,Bundle,2024-03-18,2024-03-25,8,6.57,False,True,Both,South,0,165600.5
PR0000276,P00002,S00079,Buy One Get One,2024-05-10,2024-05-23,14,9.86,False,False,In-store,South,0,143157.31
PR0000277,P00002,S00079,Bundle,2024-06-03,2024-06-10,8,5.34,False,True,In-store,South,0,43895.83
PR0000278,P00002,S00079,Bundle,2024-08-03,2024-08-21,19,30.97,True,True,Both,South,0,35292.5
PR0000279,P00002,S00079,Price Discount,2024-10-16,2024-10-22,7,39.81,False,False,Digital,South,0,22304.51
PR0000280,P00002,S00079,Price Discount,2024-11-25,2024-11-29,5,19.9,False,False,Digital,South,0,37664.0
PR0000281,P00002,S00079,Loyalty Offer,2024-12-06,2024-12-20,15,34.7,False,False,Digital,South,5,27650.47
PR0000282,P00002,S00079,Buy One Get One,2025-01-07,2025-01-14,8,13.14,True,False,Both,South,72,40246.06
PR0000283,P00002,S00079,Display,2025-01-20,2025-01-24,5,27.08,True,False,Digital,South,66,107584.3
PR0000284,P00002,S00079,Price Discount,2025-02-07,2025-02-26,20,37.1,False,False,Both,South,744,111204.74
PR0000285,P00002,S00079,Bundle,2025-06-14,2025-06-29,16,8.61,False,True,Digital,South,262,24107.7
PR0000286,P00002,S00079,Buy One Get One,2025-07-29,2025-08-14,17,28.98,False,False,In-store,South,454,129252.71
PR0000287,P00002,S00173,Coupon,2023-01-01,2023-01-14,14,37.33,False,False,In-store,East,0,208014.59
PR0000288,P00002,S00173,Coupon,2023-01-31,2023-02-11,12,17.78,False,False,In-store,East,0,140749.64
PR0000289,P00002,S00173,Bundle,2023-05-26,2023-05-30,5,30.95,False,True,Digital,East,0,151843.04
PR0000290,P00002,S00173,Bundle,2023-07-27,2023-08-05,10,24.86,False,True,Digital,East,0,94664.99
PR0000291,P00002,S00173,Loyalty Offer,2023-08-24,2023-09-12,20,6.08,False,False,Digital,East,0,75122.34
PR0000292,P00002,S00173,Price Discount,2023-12-15,2023-12-19,5,39.06,False,False,Digital,East,0,132367.28
PR0000293,P00002,S00173,Price Discount,2024-01-28,2024-02-09,13,31.66,False,False,In-store,East,0,61701.99
PR0000294,P00002,S00173,Price Discount,2024-03-31,2024-04-19,20,35.4,False,False,Both,East,0,169749.1
PR0000295,P00002,S00173,Coupon,2024-05-26,2024-06-01,7,18.71,False,False,Digital,East,0,43466.74
PR0000296,P00002,S00173,Price Discount,2024-07-05,2024-07-13,9,22.08,False,False,Both,East,0,186707.0
PR0000297,P00002,S00173,Bundle,2024-08-23,2024-09-01,10,17.57,True,True,In-store,East,0,182937.91
PR0000298,P00002,S00173,Display,2024-10-15,2024-10-19,5,7.8,True,False,Both,East,0,216431.07
PR0000299,P00002,S00173,Buy One Get One,2024-11-10,2024-11-16,7,31.15,False,False,In-store,East,0,69467.8
PR0000300,P00002,S00173,Loyalty Offer,2025-01-07,2025-01-17,11,28.6,False,False,Digital,East,464,202576.17
PR0000301,P00002,S00173,Price Discount,2025-02-05,2025-02-11,7,35.84,True,False,Digital,East,899,15176.84
PR0000302,P00002,S00173,Bundle,2025-02-16,2025-02-28,13,7.97,False,True,Both,East,637,209154.36
PR0000303,P00002,S00173,Buy One Get One,2025-04-28,2025-05-05,8,6.51,False,False,Both,East,412,53105.65
PR0000304,P00002,S00173,Buy One Get One,2025-05-10,2025-05-21,12,31.74,False,False,Both,East,1296,202460.22
PR0000305,P00002,S00173,Price Discount,2025-06-07,2025-06-19,13,27.71,False,False,Both,East,1818,59402.45
PR0000306,P00002,S00173,Buy One Get One,2025-08-01,2025-08-05,5,38.58,False,False,Digital,East,1348,166400.06
PR0000307,P00002,S00173,Price Discount,2025-10-09,2025-10-29,21,16.52,False,False,Digital,East,1885,85388.61
PR0000308,P00002,S00163,Display,2023-01-14,2023-01-22,9,14.89,True,False,Digital,West,0,211863.12
PR0000309,P00002,S00163,Bundle,2023-01-23,2023-01-31,9,8.83,True,True,Both,West,0,195554.71
PR0000310,P00002,S00163,Loyalty Offer,2023-04-22,2023-04-30,9,25.64,False,False,Both,West,0,172872.57
PR0000311,P00002,S00163,Bundle,2023-05-08,2023-05-12,5,14.47,False,True,In-store,West,0,50008.6
PR0000312,P00002,S00163,Coupon,2023-06-10,2023-06-28,19,14.54,False,False,Both,West,0,216215.36
PR0000313,P00002,S00163,Bundle,2023-10-19,2023-10-31,13,6.42,False,True,In-store,West,0,51430.98
PR0000314,P00002,S00163,Loyalty Offer,2023-11-30,2023-12-07,8,29.01,False,False,Digital,West,0,176385.49
PR0000315,P00002,S00163,Display,2024-05-07,2024-05-27,21,15.12,True,False,Digital,West,0,85996.27
PR0000316,P00002,S00163,Loyalty Offer,2024-06-09,2024-06-27,19,8.78,False,False,In-store,West,0,53232.65
PR0000317,P00002,S00163,Price Discount,2024-08-23,2024-09-06,15,22.9,False,False,Digital,West,0,36886.13
PR0000318,P00002,S00163,Coupon,2024-09-12,2024-09-18,7,38.0,False,False,Both,West,0,73210.68
PR0000319,P00002,S00163,Bundle,2024-10-12,2024-10-26,15,10.43,False,True,Both,West,0,63246.7
PR0000320,P00002,S00163,Loyalty Offer,2025-01-06,2025-01-10,5,19.92,False,False,In-store,West,102,117686.1
PR0000321,P00002,S00163,Coupon,2025-02-14,2025-02-21,8,25.76,False,False,Both,West,170,30463.2
PR0000322,P00002,S00163,Buy One Get One,2025-03-07,2025-03-11,5,7.72,False,False,Both,West,294,200073.2
PR0000323,P00002,S00163,Display,2025-05-05,2025-05-18,14,21.76,True,False,Digital,West,1543,141043.22
PR0000324,P00002,S00163,Loyalty Offer,2025-06-02,2025-06-08,7,20.32,False,False,Both,West,462,85350.25
PR0000325,P00002,S00163,Price Discount,2025-07-25,2025-08-13,20,23.14,False,False,Both,West,1807,67536.48
PR0000326,P00002,S00163,Buy One Get One,2025-08-18,2025-08-30,13,21.78,False,False,Both,West,1398,54892.3
PR0000327,P00002,S00163,Price Discount,2025-11-30,2025-12-15,16,29.78,False,False,In-store,West,945,144121.75
PR0000328,P00002,S00193,Price Discount,2023-01-18,2023-02-03,17,30.02,False,False,Both,North,0,124652.29
PR0000329,P00002,S00193,Buy One Get One,2023-04-11,2023-04-18,8,17.88,False,False,In-store,North,0,93851.27
PR0000330,P00002,S00193,Bundle,2023-05-01,2023-05-10,10,8.79,False,True,In-store,North,0,137382.12
PR0000331,P00002,S00193,Price Discount,2023-09-16,2023-09-22,7,37.51,False,False,Digital,North,0,200216.28
PR0000332,P00002,S00193,Display,2023-12-15,2024-01-02,19,22.86,True,False,Both,North,0,198453.74
PR0000333,P00002,S00193,Bundle,2024-01-15,2024-01-29,15,35.05,False,True,In-store,North,0,113246.44
PR0000334,P00002,S00193,Price Discount,2024-02-22,2024-02-26,5,10.61,False,False,In-store,North,0,97432.89
PR0000335,P00002,S00193,Loyalty Offer,2024-06-30,2024-07-17,18,13.97,False,False,Both,North,0,74717.19
PR0000336,P00002,S00193,Display,2024-08-14,2024-08-27,14,27.16,True,False,Digital,North,0,77034.62
PR0000337,P00002,S00193,Price Discount,2024-11-05,2024-11-15,11,21.31,True,False,In-store,North,0,118581.4
PR0000338,P00002,S00193,Coupon,2024-12-10,2024-12-20,11,28.91,False,False,In-store,North,12,130192.32
PR0000339,P00002,S00193,Loyalty Offer,2025-03-21,2025-03-29,9,30.87,False,False,In-store,North,1143,190006.57
PR0000340,P00002,S00193,Buy One Get One,2025-04-20,2025-05-07,18,6.93,False,False,In-store,North,742,126798.63
PR0000341,P00002,S00193,Display,2025-05-23,2025-06-12,21,17.64,True,False,In-store,North,1403,173895.57
PR0000342,P00002,S00193,Bundle,2025-07-09,2025-07-20,12,30.2,False,True,Both,North,1275,158587.52
PR0000343,P00002,S00193,Bundle,2025-11-02,2025-11-06,5,17.32,False,True,Digital,North,147,175716.86
PR0000344,P00002,S00113,Coupon,2023-04-26,2023-05-15,20,35.34,False,False,Both,Central,0,39320.48
PR0000345,P00002,S00113,Loyalty Offer,2023-06-16,2023-06-30,15,37.61,False,False,Both,Central,0,213921.43
PR0000346,P00002,S00113,Coupon,2023-12-30,2024-01-10,12,38.91,False,False,Both,Central,0,93634.55
PR0000347,P00002,S00113,Price Discount,2024-06-30,2024-07-17,18,33.9,False,False,Digital,Central,0,103155.42
PR0000348,P00002,S00113,Buy One Get One,2024-09-20,2024-10-04,15,24.19,False,False,In-store,Central,0,39880.77
PR0000349,P00002,S00113,Price Discount,2024-12-16,2025-01-03,19,29.07,False,False,Both,Central,644,167868.05
PR0000350,P00002,S00113,Coupon,2025-09-11,2025-09-20,10,38.87,False,False,In-store,Central,1972,101293.45
PR0000351,P00002,S00113,Price Discount,2025-10-12,2025-10-19,8,39.53,True,False,Digital,Central,2779,109297.87
PR0000352,P00002,S00113,Price Discount,2025-12-09,2025-12-22,14,20.89,False,False,In-store,Central,890,83887.66
PR0000353,P00002,S00164,Bundle,2023-01-21,2023-01-29,9,17.55,False,True,Both,South,0,165055.35
PR0000354,P00002,S00164,Loyalty Offer,2023-04-30,2023-05-06,7,22.65,False,False,In-store,South,0,50506.63
PR0000355,P00002,S00164,Loyalty Offer,2023-06-18,2023-07-06,19,39.3,False,False,In-store,South,0,104762.13
PR0000356,P00002,S00164,Display,2023-07-12,2023-07-19,8,31.52,True,False,Both,South,0,188595.57
PR0000357,P00002,S00164,Loyalty Offer,2023-08-01,2023-08-09,9,33.37,False,False,Both,South,0,59281.27
PR0000358,P00002,S00164,Buy One Get One,2023-10-02,2023-10-09,8,18.58,False,False,Digital,South,0,43963.07
PR0000359,P00002,S00164,Loyalty Offer,2024-03-30,2024-04-09,11,13.17,True,False,Both,South,0,80147.91
PR0000360,P00002,S00164,Loyalty Offer,2024-05-16,2024-05-26,11,19.76,False,False,Both,South,0,78467.59
PR0000361,P00002,S00164,Display,2024-06-13,2024-07-02,20,18.85,True,False,Both,South,0,156697.63
PR0000362,P00002,S00164,Buy One Get One,2025-03-28,2025-04-06,10,18.84,False,False,Both,South,161,179216.97
PR0000363,P00002,S00164,Price Discount,2025-05-03,2025-05-20,18,20.0,False,False,In-store,South,719,206490.44
PR0000364,P00002,S00164,Price Discount,2025-07-25,2025-07-30,6,14.93,False,False,In-store,South,161,142941.42
PR0000365,P00002,S00164,Bundle,2025-10-21,2025-10-28,8,37.82,False,True,Both,South,303,53568.49
PR0000366,P00002,S00043,Display,2023-03-08,2023-03-19,12,15.0,True,False,In-store,West,0,135415.77
PR0000367,P00002,S00043,Price Discount,2023-03-22,2023-04-04,14,29.73,False,False,In-store,West,0,50432.44
PR0000368,P00002,S00043,Price Discount,2023-04-05,2023-04-16,12,7.16,True,False,Digital,West,0,183167.08
PR0000369,P00002,S00043,Bundle,2023-06-17,2023-07-07,21,25.13,False,True,Both,West,0,194600.87
PR0000370,P00002,S00043,Price Discount,2023-07-08,2023-07-23,16,37.84,True,False,Both,West,0,28775.46
PR0000371,P00002,S00043,Coupon,2023-08-09,2023-08-23,15,8.68,False,False,In-store,West,0,173826.17
PR0000372,P00002,S00043,Buy One Get One,2023-08-24,2023-08-31,8,25.85,False,False,In-store,West,0,35331.88
PR0000373,P00002,S00043,Buy One Get One,2023-10-12,2023-10-28,17,23.41,False,False,In-store,West,0,121134.24
PR0000374,P00002,S00043,Coupon,2024-01-01,2024-01-13,13,8.06,False,False,In-store,West,0,202578.57
PR0000375,P00002,S00043,Buy One Get One,2024-01-23,2024-02-02,11,7.79,False,False,In-store,West,0,141943.94
PR0000376,P00002,S00043,Display,2024-05-08,2024-05-20,13,33.44,True,False,In-store,West,0,218789.61
PR0000377,P00002,S00043,Bundle,2024-07-17,2024-07-31,15,11.59,False,True,Digital,West,0,184583.21
PR0000378,P00002,S00043,Coupon,2024-08-16,2024-08-20,5,11.39,False,False,Both,West,0,62940.06
PR0000379,P00002,S00043,Buy One Get One,2024-09-25,2024-10-05,11,35.33,False,False,Digital,West,0,75431.52
PR0000380,P00002,S00043,Display,2025-01-17,2025-01-24,8,6.81,True,False,In-store,West,645,181717.14
PR0000381,P00002,S00043,Price Discount,2025-05-07,2025-05-18,12,32.24,False,False,Digital,West,1890,60991.1
PR0000382,P00002,S00043,Coupon,2025-05-29,2025-06-08,11,8.97,False,False,Digital,West,1265,207590.93
PR0000383,P00002,S00043,Buy One Get One,2025-06-29,2025-07-15,17,22.72,False,False,In-store,West,2009,52381.75
PR0000384,P00002,S00043,Display,2025-07-19,2025-07-25,7,8.9,True,False,Both,West,628,115294.69
PR0000385,P00002,S00043,Bundle,2025-09-12,2025-09-17,6,18.88,False,True,Both,West,647,83291.96
PR0000386,P00002,S00043,Bundle,2025-10-06,2025-10-13,8,9.15,False,True,Digital,West,628,65676.1
PR0000387,P00002,S00043,Loyalty Offer,2025-12-13,2025-12-18,6,15.66,False,False,Both,West,581,19402.86
PR0000388,P00002,S00030,Price Discount,2023-03-03,2023-03-17,15,10.59,False,False,Both,North,0,123876.11
PR0000389,P00002,S00030,Loyalty Offer,2024-01-22,2024-02-08,18,34.42,False,False,In-store,North,0,91506.58
PR0000390,P00002,S00030,Price Discount,2024-02-20,2024-02-26,7,7.23,False,False,Both,North,0,21125.96
PR0000391,P00002,S00030,Bundle,2024-08-06,2024-08-12,7,38.97,False,True,Digital,North,0,126517.94
PR0000392,P00002,S00030,Loyalty Offer,2024-12-03,2024-12-22,20,37.52,False,False,Digital,North,58,62649.31
PR0000393,P00002,S00030,Display,2025-02-03,2025-02-19,17,39.65,True,False,Digital,North,1292,35081.18
PR0000394,P00002,S00030,Price Discount,2025-02-23,2025-03-02,8,28.8,False,False,Both,North,812,162589.36
PR0000395,P00002,S00030,Bundle,2025-03-03,2025-03-15,13,9.88,False,True,In-store,North,733,190510.55
PR0000396,P00002,S00030,Price Discount,2025-04-04,2025-04-12,9,25.76,False,False,In-store,North,883,155337.37
PR0000397,P00002,S00030,Price Discount,2025-04-13,2025-04-18,6,18.99,False,False,In-store,North,434,124579.55
PR0000398,P00002,S00030,Price Discount,2025-05-17,2025-06-04,19,23.36,False,False,In-store,North,1667,161780.63
PR0000399,P00002,S00030,Buy One Get One,2025-07-02,2025-07-20,19,26.6,False,False,Digital,North,2416,220120.31
PR0000400,P00002,S00030,Loyalty Offer,2025-07-24,2025-08-13,21,29.77,False,False,In-store,North,1901,49600.19
PR0000401,P00002,S00030,Price Discount,2025-08-15,2025-08-30,16,36.88,True,False,In-store,North,2886,185907.86
PR0000402,P00002,S00030,Coupon,2025-09-05,2025-09-23,19,7.08,False,False,In-store,North,540,214373.94
PR0000403,P00002,S00030,Price Discount,2025-10-28,2025-11-17,21,38.12,False,False,Both,North,2248,61624.38
PR0000404,P00002,S00099,Coupon,2023-01-15,2023-01-27,13,15.99,False,False,In-store,East,0,161552.77
PR0000405,P00002,S00099,Display,2023-02-17,2023-03-08,20,18.5,True,False,Both,East,0,73206.36
PR0000406,P00002,S00099,Price Discount,2023-04-23,2023-04-29,7,20.29,False,False,Digital,East,0,166000.32
PR0000407,P00002,S00099,Buy One Get One,2023-04-30,2023-05-11,12,17.5,False,False,In-store,East,0,99436.46
PR0000408,P00002,S00099,Price Discount,2023-06-18,2023-06-29,12,29.74,False,False,Both,East,0,203140.19
PR0000409,P00002,S00099,Bundle,2023-07-30,2023-08-16,18,24.48,False,True,Both,East,0,185881.93
PR0000410,P00002,S00099,Display,2023-09-04,2023-09-10,7,9.58,True,False,Digital,East,0,111512.87
PR0000411,P00002,S00099,Buy One Get One,2023-09-18,2023-10-03,16,37.09,False,False,Both,East,0,21525.17
PR0000412,P00002,S00099,Price Discount,2023-10-04,2023-10-18,15,23.83,False,False,Both,East,0,19558.94
PR0000413,P00002,S00099,Bundle,2023-11-13,2023-11-28,16,37.84,False,True,Digital,East,0,138217.09
PR0000414,P00002,S00099,Loyalty Offer,2023-12-17,2023-12-31,15,20.78,False,False,Digital,East,0,208186.27
PR0000415,P00002,S00099,Buy One Get One,2024-01-21,2024-02-05,16,23.26,True,False,In-store,East,0,147760.71
PR0000416,P00002,S00099,Coupon,2024-06-02,2024-06-09,8,24.05,False,False,Digital,East,0,68042.55
PR0000417,P00002,S00099,Display,2024-07-06,2024-07-11,6,32.53,True,False,In-store,East,0,191855.37
PR0000418,P00002,S00099,Display,2024-08-15,2024-08-29,15,27.27,True,False,Both,East,0,209820.79
PR0000419,P00002,S00099,Buy One Get One,2024-09-22,2024-09-30,9,22.7,False,False,In-store,East,0,22307.83
PR0000420,P00002,S00099,Price Discount,2024-11-17,2024-12-05,19,39.77,False,False,In-store,East,0,123301.22
PR0000421,P00002,S00099,Loyalty Offer,2024-12-06,2024-12-19,14,10.8,False,False,Both,East,9,50037.52
PR0000422,P00002,S00099,Bundle,2025-04-10,2025-04-26,17,39.3,False,True,In-store,East,2707,196528.74
PR0000423,P00002,S00099,Buy One Get One,2025-05-15,2025-05-29,15,35.87,False,False,Digital,East,3428,209932.49
PR0000424,P00002,S00099,Price Discount,2025-10-12,2025-10-31,20,19.4,True,False,Digital,East,974,171050.65
PR0000425,P00002,S00023,Loyalty Offer,2023-01-05,2023-01-14,10,5.87,False,False,In-store,North,0,133635.22
PR0000426,P00002,S00023,Price Discount,2023-03-15,2023-03-19,5,26.22,False,False,In-store,North,0,169492.61
PR0000427,P00002,S00023,Bundle,2023-03-27,2023-04-13,18,30.77,False,True,In-store,North,0,199065.74
PR0000428,P00002,S00023,Price Discount,2023-06-12,2023-06-25,14,34.41,False,False,Both,North,0,191190.31
PR0000429,P00002,S00023,Bundle,2023-12-03,2023-12-15,13,7.11,False,True,In-store,North,0,57895.91
PR0000430,P00002,S00023,Price Discount,2024-02-02,2024-02-11,10,28.06,False,False,Both,North,0,75534.56
PR0000431,P00002,S00023,Coupon,2024-03-03,2024-03-22,20,13.47,False,False,In-store,North,0,51775.72
PR0000432,P00002,S00023,Loyalty Offer,2024-04-09,2024-04-29,21,20.88,True,False,In-store,North,0,101661.78
PR0000433,P00002,S00023,Buy One Get One,2024-07-13,2024-07-28,16,39.56,False,False,In-store,North,0,145182.61
PR0000434,P00002,S00023,Coupon,2024-11-13,2024-12-03,21,21.31,False,False,Both,North,0,167531.32
PR0000435,P00002,S00023,Price Discount,2025-01-15,2025-01-24,10,15.37,False,False,In-store,North,508,183370.89
PR0000436,P00002,S00023,Bundle,2025-02-05,2025-02-21,17,34.82,False,True,In-store,North,2407,135215.33
PR0000437,P00002,S00023,Display,2025-04-05,2025-04-14,10,34.74,True,False,Digital,North,1955,117922.41
PR0000438,P00002,S00023,Price Discount,2025-05-16,2025-06-05,21,15.4,False,False,Digital,North,2331,121337.99
PR0000439,P00002,S00023,Loyalty Offer,2025-07-25,2025-08-02,9,34.16,False,False,Digital,North,1178,113884.62
PR0000440,P00002,S00023,Price Discount,2025-12-27,2025-12-31,5,37.77,False,False,In-store,North,703,18248.01
PR0000441,P00002,S00073,Price Discount,2023-02-06,2023-02-14,9,12.23,False,False,In-store,South,0,40586.56
PR0000442,P00002,S00073,Loyalty Offer,2023-03-18,2023-03-26,9,23.97,False,False,In-store,South,0,99622.0
PR0000443,P00002,S00073,Display,2023-04-13,2023-04-20,8,25.22,True,False,Digital,South,0,104072.68
PR0000444,P00002,S00073,Loyalty Offer,2023-06-23,2023-07-05,13,8.52,False,False,Both,South,0,139320.69
PR0000445,P00002,S00073,Bundle,2023-08-26,2023-09-08,14,21.72,True,True,Digital,South,0,196669.39
PR0000446,P00002,S00073,Display,2023-10-06,2023-10-22,17,25.24,True,False,Digital,South,0,79788.54
PR0000447,P00002,S00073,Display,2023-12-15,2023-12-30,16,38.35,True,False,In-store,South,0,40410.4
PR0000448,P00002,S00073,Price Discount,2024-04-12,2024-04-27,16,5.03,False,False,In-store,South,0,26915.62
PR0000449,P00002,S00073,Price Discount,2024-05-12,2024-05-29,18,31.17,False,False,Both,South,0,40064.32
PR0000450,P00002,S00073,Price Discount,2024-07-14,2024-07-26,13,25.94,False,False,In-store,South,0,165971.94
PR0000451,P00002,S00073,Coupon,2024-10-29,2024-11-17,20,5.55,False,False,Both,South,0,100220.75
PR0000452,P00002,S00073,Coupon,2025-02-15,2025-03-01,15,36.24,False,False,Both,South,227,27064.61
PR0000453,P00002,S00073,Bundle,2025-06-16,2025-07-05,20,23.14,False,True,Both,South,547,109011.97
PR0000454,P00002,S00073,Price Discount,2025-09-13,2025-09-23,11,6.15,False,False,Digital,South,80,62073.58
PR0000455,P00002,S00073,Price Discount,2025-11-20,2025-11-26,7,21.42,False,False,In-store,South,121,163273.72
PR0000456,P00002,S00073,Price Discount,2025-12-28,2025-12-31,4,26.58,False,False,In-store,South,66,37829.96
PR0000457,P00003,S00086,Bundle,2023-07-19,2023-07-23,5,13.82,False,True,Both,Central,213,203738.55
PR0000458,P00003,S00086,Bundle,2023-08-11,2023-08-19,9,25.76,True,True,In-store,Central,385,21277.14
PR0000459,P00003,S00086,Price Discount,2023-10-06,2023-10-20,15,31.92,False,False,Both,Central,538,208148.38
PR0000460,P00003,S00086,Display,2023-12-09,2023-12-16,8,8.35,True,False,In-store,Central,124,70771.2
PR0000461,P00003,S00086,Price Discount,2023-12-23,2024-01-03,12,14.19,False,False,Digital,Central,194,46411.2
PR0000462,P00003,S00086,Buy One Get One,2024-04-04,2024-04-14,11,13.86,False,False,Both,Central,640,39868.89
PR0000463,P00003,S00086,Price Discount,2024-06-22,2024-07-06,15,37.9,False,False,Digital,Central,1096,172334.16
PR0000464,P00003,S00086,Buy One Get One,2024-07-19,2024-07-27,9,5.47,False,False,Digital,Central,219,137521.6
PR0000465,P00003,S00086,Bundle,2024-09-02,2024-09-08,7,13.55,False,True,Digital,Central,282,103124.41
PR0000466,P00003,S00086,Buy One Get One,2025-05-20,2025-05-28,9,7.6,False,False,In-store,Central,172,120365.96
PR0000467,P00003,S00086,Loyalty Offer,2025-08-02,2025-08-12,11,32.33,False,False,Both,Central,387,206482.14
PR0000468,P00003,S00086,Coupon,2025-08-16,2025-08-24,9,8.75,False,False,In-store,Central,105,184444.22
PR0000469,P00003,S00086,Loyalty Offer,2025-08-29,2025-09-11,14,21.9,False,False,In-store,Central,221,26613.3
PR0000470,P00003,S00026,Price Discount,2023-01-26,2023-02-13,19,14.58,False,False,Digital,North,1373,49791.63
PR0000471,P00003,S00026,Price Discount,2023-03-20,2023-04-05,17,7.94,False,False,Both,North,1007,53378.13
PR0000472,P00003,S00026,Coupon,2023-05-03,2023-05-20,18,33.49,False,False,In-store,North,2548,90943.21
PR0000473,P00003,S00026,Buy One Get One,2023-05-21,2023-06-07,18,10.5,True,False,Both,North,1437,204723.29
PR0000474,P00003,S00026,Buy One Get One,2023-08-13,2023-08-27,15,33.2,False,False,In-store,North,1874,74022.36
PR0000475,P00003,S00026,Loyalty Offer,2023-09-07,2023-09-11,5,5.67,False,False,In-store,North,154,40024.97
PR0000476,P00003,S00026,Buy One Get One,2023-12-03,2023-12-10,8,32.65,False,False,In-store,North,316,86410.56
PR0000477,P00003,S00026,Price Discount,2024-02-01,2024-02-05,5,10.0,False,False,Digital,North,0,98310.9
PR0000478,P00003,S00026,Price Discount,2024-02-11,2024-02-23,13,36.55,False,False,In-store,North,0,42787.19
PR0000479,P00003,S00026,Bundle,2024-03-07,2024-03-13,7,27.11,False,True,Both,North,0,99391.89
PR0000480,P00003,S00026,Price Discount,2024-05-05,2024-05-13,9,22.98,False,False,In-store,North,633,60899.18
PR0000481,P00003,S00026,Bundle,2024-06-05,2024-06-16,12,37.36,False,True,In-store,North,1089,39844.67
PR0000482,P00003,S00026,Price Discount,2024-09-03,2024-09-12,10,31.78,False,False,In-store,North,418,56538.78
PR0000483,P00003,S00026,Price Discount,2024-12-02,2024-12-13,12,18.16,False,False,In-store,North,202,159218.25
PR0000484,P00003,S00026,Coupon,2024-12-28,2025-01-05,9,6.24,False,False,In-store,North,87,207341.54
PR0000485,P00003,S00026,Display,2025-03-30,2025-04-07,9,34.5,True,False,In-store,North,435,167052.29
PR0000486,P00003,S00026,Coupon,2025-04-21,2025-04-27,7,21.02,False,False,In-store,North,247,98700.14
PR0000487,P00003,S00026,Price Discount,2025-05-16,2025-05-20,5,29.99,False,False,In-store,North,384,111716.81
PR0000488,P00003,S00026,Coupon,2025-11-09,2025-11-24,16,32.2,False,False,In-store,North,355,203185.37
PR0000489,P00003,S00021,Buy One Get One,2023-01-04,2023-01-08,5,19.47,True,False,Both,South,552,185186.84
PR0000490,P00003,S00021,Coupon,2023-01-11,2023-01-28,18,17.12,False,False,In-store,South,1742,24891.67
PR0000491,P00003,S00021,Loyalty Offer,2023-04-05,2023-04-19,15,21.21,False,False,In-store,South,1914,209674.97
PR0000492,P00003,S00021,Coupon,2023-04-20,2023-05-07,18,9.0,False,False,Digital,South,1838,141853.0
PR0000493,P00003,S00021,Bundle,2023-06-20,2023-06-30,11,27.16,False,True,In-store,South,1841,161421.12
PR0000494,P00003,S00021,Coupon,2024-02-14,2024-02-18,5,13.84,False,False,Both,South,444,102946.58
PR0000495,P00003,S00021,Display,2024-03-31,2024-04-10,11,8.5,True,False,Both,South,860,153107.81
PR0000496,P00003,S00021,Bundle,2024-08-22,2024-08-30,9,27.6,False,True,In-store,South,1280,16987.14
PR0000497,P00003,S00021,Bundle,2024-09-09,2024-09-28,20,15.18,False,True,Both,South,1881,102544.53
PR0000498,P00003,S00021,Price Discount,2025-06-22,2025-07-11,20,9.84,True,False,Digital,South,2308,200519.73
PR0000499,P00003,S00021,Display,2025-07-31,2025-08-04,5,22.73,True,False,Digital,South,1129,120241.8
PR0000500,P00003,S00021,Bundle,2025-10-12,2025-10-28,17,10.73,False,True,Digital,South,1586,193958.95
PR0000501,P00003,S00099,Price Discount,2023-04-03,2023-04-14,12,36.22,False,False,In-store,East,1404,188539.15
PR0000502,P00003,S00099,Buy One Get One,2023-05-07,2023-05-24,18,18.01,False,False,In-store,East,1259,199490.7
PR0000503,P00003,S00099,Coupon,2023-06-03,2023-06-10,8,22.31,True,False,Both,East,534,192483.18
PR0000504,P00003,S00099,Display,2023-11-06,2023-11-18,13,15.36,True,False,In-store,East,732,161026.84
PR0000505,P00003,S00099,Loyalty Offer,2024-02-27,2024-03-17,20,26.44,False,False,Both,East,1196,200818.37
PR0000506,P00003,S00099,Loyalty Offer,2024-06-12,2024-07-02,21,9.2,False,False,Both,East,722,169174.79
PR0000507,P00003,S00099,Coupon,2024-07-28,2024-08-05,9,38.04,True,False,Digital,East,494,68893.78
PR0000508,P00003,S00099,Price Discount,2025-01-02,2025-01-08,7,17.22,False,False,Digital,East,247,165868.94
PR0000509,P00003,S00099,Buy One Get One,2025-03-27,2025-04-13,18,19.52,False,False,Both,East,987,28015.63
PR0000510,P00003,S00099,Display,2025-06-11,2025-06-28,18,18.66,True,False,Both,East,593,33420.54
PR0000511,P00003,S00099,Display,2025-07-14,2025-07-28,15,39.09,True,False,Both,East,876,65801.88
PR0000512,P00003,S00099,Price Discount,2025-11-11,2025-11-28,18,25.03,False,False,In-store,East,516,41832.67
PR0000513,P00003,S00077,Display,2023-02-12,2023-02-20,9,17.56,True,False,In-store,South,1105,113924.79
PR0000514,P00003,S00077,Coupon,2023-05-15,2023-05-22,8,18.48,False,False,In-store,South,1007,19605.61
PR0000515,P00003,S00077,Bundle,2023-05-27,2023-06-14,19,10.22,False,True,In-store,South,2157,218485.59
PR0000516,P00003,S00077,Display,2023-09-16,2023-10-02,17,32.95,True,False,Both,South,1804,47078.29
PR0000517,P00003,S00077,Coupon,2024-01-12,2024-01-17,6,14.75,False,False,In-store,South,399,56900.17
PR0000518,P00003,S00077,Loyalty Offer,2024-03-26,2024-04-10,16,39.43,False,False,Digital,South,3372,188718.2
PR0000519,P00003,S00077,Display,2024-07-12,2024-07-25,14,22.91,True,False,Digital,South,1023,167634.82
PR0000520,P00003,S00077,Price Discount,2024-07-30,2024-08-06,8,7.23,False,False,Both,South,345,100622.41
PR0000521,P00003,S00077,Price Discount,2025-01-15,2025-01-23,9,7.52,False,False,In-store,South,252,179638.68
PR0000522,P00003,S00077,Coupon,2025-03-21,2025-03-29,9,34.71,False,False,Both,South,612,19844.72
PR0000523,P00003,S00077,Price Discount,2025-04-14,2025-04-29,16,34.54,False,False,In-store,South,2632,159469.87
PR0000524,P00003,S00077,Coupon,2025-06-03,2025-06-07,5,9.13,False,False,Both,South,361,128528.5
PR0000525,P00003,S00077,Display,2025-07-16,2025-08-05,21,20.8,True,False,Both,South,1448,45246.52
PR0000526,P00003,S00077,Price Discount,2025-08-20,2025-08-30,11,25.37,False,False,In-store,South,776,24068.05
PR0000527,P00003,S00077,Bundle,2025-11-21,2025-12-09,19,23.67,True,True,In-store,South,856,136429.94
PR0000528,P00003,S00027,Bundle,2023-02-15,2023-02-28,14,26.46,False,True,Both,South,1143,107042.2
PR0000529,P00003,S00027,Price Discount,2023-03-21,2023-04-03,14,10.9,False,False,In-store,South,900,33579.37
PR0000530,P00003,S00027,Bundle,2023-04-10,2023-04-23,14,28.58,True,True,In-store,South,2700,27747.11
PR0000531,P00003,S00027,Buy One Get One,2023-05-19,2023-06-04,17,31.05,True,False,Digital,South,3076,172574.77
PR0000532,P00003,S00027,Loyalty Offer,2023-06-18,2023-06-30,13,29.19,False,False,Digital,South,1427,100604.25
PR0000533,P00003,S00027,Price Discount,2023-08-24,2023-09-04,12,6.03,False,False,In-store,South,974,111348.72
PR0000534,P00003,S00027,Buy One Get One,2023-09-08,2023-09-27,20,13.43,False,False,Both,South,1390,192359.78
PR0000535,P00003,S00027,Bundle,2023-12-22,2023-12-26,5,28.98,False,True,Digital,South,342,47233.98
PR0000536,P00003,S00027,Loyalty Offer,2024-04-26,2024-05-14,19,38.17,False,False,In-store,South,3276,39142.11
PR0000537,P00003,S00027,Buy One Get One,2024-07-15,2024-07-19,5,21.42,False,False,Digital,South,357,174118.61
PR0000538,P00003,S00027,Price Discount,2024-09-17,2024-10-05,19,38.98,False,False,Digital,South,1605,28507.99
PR0000539,P00003,S00027,Display,2024-10-09,2024-10-26,18,34.27,True,False,In-store,South,1617,128480.35
PR0000540,P00003,S00027,Bundle,2025-01-23,2025-01-30,8,33.67,False,True,In-store,South,530,152956.95
PR0000541,P00003,S00027,Coupon,2025-02-05,2025-02-21,17,31.31,False,False,Both,South,1490,181010.79
PR0000542,P00003,S00027,Price Discount,2025-04-30,2025-05-04,5,35.09,False,False,In-store,South,975,51967.08
PR0000543,P00003,S00027,Buy One Get One,2025-05-15,2025-05-30,16,9.49,False,False,Both,South,1182,153425.37
PR0000544,P00003,S00027,Bundle,2025-06-04,2025-06-20,17,38.54,False,True,Both,South,3155,83669.28
PR0000545,P00003,S00027,Display,2025-10-20,2025-10-31,12,18.2,True,False,In-store,South,610,96733.73
PR0000546,P00003,S00155,Display,2023-02-17,2023-03-02,14,9.83,True,False,Digital,South,534,208630.23
PR0000547,P00003,S00155,Coupon,2023-04-21,2023-05-04,14,31.93,False,False,Digital,South,1740,197418.29
PR0000548,P00003,S00155,Loyalty Offer,2023-05-13,2023-06-01,20,13.89,False,False,In-store,South,1161,182441.23
PR0000549,P00003,S00155,Bundle,2023-06-11,2023-06-30,20,6.93,False,True,In-store,South,921,120685.16
PR0000550,P00003,S00155,Loyalty Offer,2024-03-01,2024-03-16,16,17.8,False,False,In-store,South,663,140218.99
PR0000551,P00003,S00155,Display,2024-03-20,2024-04-02,14,39.92,True,False,In-store,South,1387,144971.99
PR0000552,P00003,S00155,Buy One Get One,2024-05-17,2024-05-21,5,22.45,False,False,In-store,South,260,193480.53
PR0000553,P00003,S00155,Buy One Get One,2024-06-14,2024-06-19,6,26.86,False,False,In-store,South,318,204503.16
PR0000554,P00003,S00155,Price Discount,2024-07-20,2024-07-30,11,20.41,False,False,In-store,South,638,152734.46
PR0000555,P00003,S00155,Price Discount,2024-09-26,2024-10-10,15,7.44,True,False,Both,South,359,106172.72
PR0000556,P00003,S00155,Loyalty Offer,2024-12-08,2024-12-28,21,8.37,False,False,Both,South,511,185197.93
PR0000557,P00003,S00155,Buy One Get One,2025-01-26,2025-02-02,8,18.99,False,False,Both,South,333,177356.99
PR0000558,P00003,S00155,Coupon,2025-05-24,2025-06-07,15,13.04,False,False,In-store,South,615,75498.79
PR0000559,P00003,S00155,Loyalty Offer,2025-10-24,2025-11-06,14,18.84,False,False,Both,South,319,124626.98
PR0000560,P00003,S00155,Display,2025-11-10,2025-11-14,5,11.31,True,False,In-store,South,147,207605.57
PR0000561,P00003,S00155,Loyalty Offer,2025-12-02,2025-12-13,12,5.23,False,False,In-store,South,203,117746.2
PR0000562,P00003,S00080,Loyalty Offer,2023-01-30,2023-02-16,18,38.09,False,False,In-store,West,2168,67436.65
PR0000563,P00003,S00080,Price Discount,2023-05-16,2023-05-23,8,7.64,False,False,Digital,West,481,163758.16
PR0000564,P00003,S00080,Price Discount,2023-06-03,2023-06-21,19,21.97,False,False,In-store,West,1542,18377.09
PR0000565,P00003,S00080,Bundle,2023-07-18,2023-08-03,17,16.15,False,True,In-store,West,1065,201097.29
PR0000566,P00003,S00080,Bundle,2023-10-15,2023-10-22,8,25.62,False,True,In-store,West,735,35797.47
PR0000567,P00003,S00080,Loyalty Offer,2024-02-23,2024-03-12,19,37.29,False,False,In-store,West,1568,53427.46
PR0000568,P00003,S00080,Coupon,2024-08-19,2024-09-02,15,28.58,False,False,Both,West,841,65807.64
PR0000569,P00003,S00080,Display,2024-11-21,2024-11-30,10,13.92,True,False,In-store,West,380,218764.86
PR0000570,P00003,S00080,Loyalty Offer,2025-03-31,2025-04-20,21,36.29,False,False,In-store,West,2248,125169.28
PR0000571,P00003,S00080,Loyalty Offer,2025-08-18,2025-09-05,19,37.55,False,False,In-store,West,1942,121493.02
PR0000572,P00003,S00080,Price Discount,2025-12-20,2025-12-29,10,31.19,False,False,Digital,West,536,74299.11
PR0000573,P00003,S00071,Price Discount,2023-03-02,2023-03-08,7,15.08,False,False,Both,East,187,213223.24
PR0000574,P00003,S00071,Price Discount,2023-03-16,2023-03-20,5,26.48,False,False,In-store,East,306,128759.51
PR0000575,P00003,S00071,Buy One Get One,2023-04-12,2023-05-01,20,35.66,False,False,Digital,East,3944,212752.69
PR0000576,P00003,S00071,Price Discount,2023-05-04,2023-05-19,16,23.51,False,False,Digital,East,1518,190056.22
PR0000577,P00003,S00071,Loyalty Offer,2023-09-21,2023-09-28,8,5.83,False,False,Both,East,270,113343.44
PR0000578,P00003,S00071,Loyalty Offer,2023-10-18,2023-10-30,13,23.26,False,False,In-store,East,518,211944.67
PR0000579,P00003,S00071,Bundle,2024-02-07,2024-02-27,21,30.28,False,True,Both,East,1723,23991.88
PR0000580,P00003,S00071,Coupon,2024-06-28,2024-07-07,10,31.14,True,False,Both,East,1068,89106.36
PR0000581,P00003,S00071,Price Discount,2024-07-29,2024-08-16,19,38.39,False,False,In-store,East,2191,199268.1
PR0000582,P00003,S00071,Price Discount,2024-11-20,2024-11-26,7,30.93,False,False,In-store,East,298,209979.29
PR0000583,P00003,S00071,Price Discount,2025-01-07,2025-01-16,10,26.84,False,False,In-store,East,463,95348.54
PR0000584,P00003,S00071,Buy One Get One,2025-05-04,2025-05-09,6,35.25,False,False,Digital,East,545,86304.9
PR0000585,P00003,S00071,Price Discount,2025-06-15,2025-07-03,19,28.26,True,False,Digital,East,1140,112554.41
PR0000586,P00003,S00071,Buy One Get One,2025-11-20,2025-12-10,21,25.97,True,False,Digital,East,658,121281.31
PR0000587,P00003,S00053,Price Discount,2023-06-12,2023-06-18,7,15.25,True,False,Both,South,443,34891.03
PR0000588,P00003,S00053,Display,2023-06-28,2023-07-15,18,17.49,True,False,Digital,South,1107,140584.8
PR0000589,P00003,S00053,Display,2023-08-18,2023-08-25,8,39.42,True,False,Both,South,938,167044.67
PR0000590,P00003,S00053,Buy One Get One,2023-09-03,2023-09-11,9,5.62,False,False,Digital,South,319,187058.69
PR0000591,P00003,S00053,Buy One Get One,2023-09-29,2023-10-12,14,33.5,True,False,In-store,South,1096,217581.01
PR0000592,P00003,S00053,Price Discount,2023-10-29,2023-11-08,11,36.22,False,False,Digital,South,747,125388.78
PR0000593,P00003,S00053,Bundle,2024-04-04,2024-04-13,10,12.8,True,True,In-store,South,771,137436.81
PR0000594,P00003,S00053,Coupon,2024-04-22,2024-04-29,8,7.79,False,False,Both,South,275,82973.62
PR0000595,P00003,S00053,Buy One Get One,2024-05-01,2024-05-21,21,36.88,False,False,Digital,South,3207,138109.22
PR0000596,P00003,S00053,Price Discount,2024-05-29,2024-06-16,19,34.1,False,False,Both,South,2456,24886.3
PR0000597,P00003,S00053,Buy One Get One,2024-09-03,2024-09-14,12,37.46,False,False,In-store,South,718,53663.19
PR0000598,P00003,S00053,Price Discount,2024-09-17,2024-10-07,21,22.99,False,False,In-store,South,1393,43035.3
PR0000599,P00003,S00053,Price Discount,2025-04-16,2025-04-22,7,38.16,False,False,In-store,South,890,173680.26
PR0000600,P00003,S00053,Coupon,2025-05-03,2025-05-15,13,37.55,False,False,In-store,South,1815,201876.55
PR0000601,P00003,S00053,Display,2025-05-24,2025-06-02,10,29.43,True,False,In-store,South,1194,184608.2
PR0000602,P00003,S00053,Loyalty Offer,2025-06-11,2025-06-22,12,36.81,False,False,In-store,South,1503,62502.29
PR0000603,P00003,S00053,Price Discount,2025-07-06,2025-07-12,7,12.83,False,False,Both,South,441,72186.46
PR0000604,P00003,S00053,Loyalty Offer,2025-08-15,2025-08-26,12,24.52,False,False,Digital,South,841,210761.26
PR0000605,P00003,S00053,Loyalty Offer,2025-10-16,2025-10-29,14,7.7,False,False,Both,South,433,169407.65
PR0000606,P00003,S00053,Display,2025-12-03,2025-12-16,14,35.02,True,False,Digital,South,757,66155.97
PR0000607,P00003,S00153,Price Discount,2023-02-18,2023-03-02,13,7.92,False,False,Both,East,133,49977.89
PR0000608,P00003,S00153,Buy One Get One,2023-06-13,2023-07-02,20,39.2,True,False,In-store,East,1081,217619.53
PR0000609,P00003,S00153,Display,2023-09-29,2023-10-07,9,22.1,True,False,Both,East,135,151528.78
PR0000610,P00003,S00153,Price Discount,2023-10-27,2023-11-13,18,25.86,False,False,Digital,East,399,159673.11
PR0000611,P00003,S00153,Price Discount,2024-02-27,2024-03-12,15,27.98,False,False,Digital,East,232,99836.3
PR0000612,P00003,S00153,Price Discount,2024-03-23,2024-04-08,17,38.09,False,False,Both,East,686,31607.15
PR0000613,P00003,S00153,Display,2024-05-07,2024-05-23,17,39.75,True,False,In-store,East,491,161379.48
PR0000614,P00003,S00153,Price Discount,2024-06-01,2024-06-18,18,37.9,False,False,In-store,East,675,93498.05
PR0000615,P00003,S00153,Price Discount,2024-07-26,2024-08-12,18,20.34,False,False,In-store,East,289,155649.16
PR0000616,P00003,S00153,Price Discount,2024-09-12,2024-09-18,7,5.45,False,False,In-store,East,31,117303.21
PR0000617,P00003,S00153,Buy One Get One,2024-09-24,2024-10-14,21,19.39,False,False,Digital,East,232,152676.44
PR0000618,P00003,S00153,Price Discount,2024-10-30,2024-11-12,14,8.46,False,False,In-store,East,110,146131.21
PR0000619,P00003,S00153,Coupon,2025-01-28,2025-02-15,19,8.46,False,False,Digital,East,171,130346.73
PR0000620,P00003,S00153,Price Discount,2025-03-20,2025-04-01,13,32.7,False,False,In-store,East,268,100624.69
PR0000621,P00003,S00153,Buy One Get One,2025-04-18,2025-04-23,6,26.48,False,False,In-store,East,97,82190.2
PR0000622,P00003,S00177,Coupon,2023-04-10,2023-04-20,11,32.57,False,False,In-store,North,1052,42638.91
PR0000623,P00003,S00177,Loyalty Offer,2023-05-28,2023-06-07,11,19.58,False,False,Both,North,573,89808.43
PR0000624,P00003,S00177,Price Discount,2023-08-08,2023-08-24,17,22.13,False,False,In-store,North,512,195778.88
PR0000625,P00003,S00177,Price Discount,2023-09-03,2023-09-18,16,36.07,False,False,Digital,North,916,175249.51
PR0000626,P00003,S00177,Bundle,2023-10-06,2023-10-24,19,26.41,False,True,Both,North,825,157778.08
PR0000627,P00003,S00177,Price Discount,2023-12-13,2023-12-25,13,21.64,False,False,Both,North,277,116227.82
PR0000628,P00003,S00177,Bundle,2023-12-29,2024-01-13,16,23.37,False,True,In-store,North,388,119364.97
PR0000629,P00003,S00177,Bundle,2024-02-19,2024-03-08,19,13.34,False,True,In-store,North,562,122373.98
PR0000630,P00003,S00177,Buy One Get One,2024-03-14,2024-03-26,13,30.05,True,False,In-store,North,1014,53509.33
PR0000631,P00003,S00177,Bundle,2024-04-04,2024-04-08,5,37.11,False,True,Both,North,550,77342.67
PR0000632,P00003,S00177,Coupon,2024-07-03,2024-07-21,19,39.9,False,False,In-store,North,888,197311.54
PR0000633,P00003,S00177,Price Discount,2024-08-02,2024-08-20,19,34.92,False,False,Both,North,1014,29514.81
PR0000634,P00003,S00177,Display,2024-12-02,2024-12-21,20,30.16,True,False,Digital,North,531,18383.55
PR0000635,P00003,S00177,Buy One Get One,2025-01-09,2025-01-16,8,34.4,True,False,In-store,North,288,45147.31
PR0000636,P00003,S00177,Display,2025-02-08,2025-02-15,8,31.7,True,False,Both,North,273,23927.98
PR0000637,P00003,S00177,Display,2025-05-10,2025-05-14,5,16.23,True,False,Both,North,104,112633.16
PR0000638,P00003,S00177,Price Discount,2025-06-13,2025-06-23,11,32.62,True,False,Both,North,445,205606.75
PR0000639,P00003,S00177,Price Discount,2025-06-30,2025-07-20,21,29.27,False,False,In-store,North,778,17442.47
PR0000640,P00003,S00177,Buy One Get One,2025-09-02,2025-09-07,6,10.96,True,False,Both,North,79,20445.53
PR0000641,P00003,S00139,Loyalty Offer,2023-02-05,2023-02-09,5,26.92,False,False,Digital,West,599,151460.18
PR0000642,P00003,S00139,Bundle,2023-03-04,2023-03-18,15,20.17,False,True,Both,West,1877,73909.02
PR0000643,P00003,S00139,Coupon,2023-05-07,2023-05-22,16,6.69,False,False,Both,West,1466,122102.96
PR0000644,P00003,S00139,Coupon,2023-05-25,2023-05-29,5,25.45,True,False,In-store,West,608,175447.88
PR0000645,P00003,S00139,Bundle,2023-07-07,2023-07-15,9,25.65,False,True,Both,West,1573,51502.59
PR0000646,P00003,S00139,Bundle,2023-08-25,2023-09-11,18,28.29,True,True,Digital,West,4482,201326.16
PR0000647,P00003,S00139,Price Discount,2023-10-28,2023-11-06,10,13.58,False,False,Both,West,589,102573.9
PR0000648,P00003,S00139,Loyalty Offer,2023-12-16,2023-12-24,9,10.07,False,False,Both,West,645,77800.16
PR0000649,P00003,S00139,Price Discount,2024-04-23,2024-04-27,5,26.67,False,False,In-store,West,635,84417.63
PR0000650,P00003,S00139,Display,2024-06-16,2024-07-01,16,16.12,True,False,Both,West,1636,16723.92
PR0000651,P00003,S00139,Loyalty Offer,2024-07-22,2024-08-06,16,19.14,False,False,Both,West,2128,186769.94
PR0000652,P00003,S00139,Bundle,2024-09-23,2024-09-27,5,35.53,True,True,Digital,West,620,209033.88
PR0000653,P00003,S00139,Price Discount,2024-10-10,2024-10-16,7,34.88,False,False,In-store,West,1390,67251.96
PR0000654,P00003,S00139,Loyalty Offer,2024-10-22,2024-11-04,14,36.47,False,False,Digital,West,2156,120939.71
PR0000655,P00003,S00139,Buy One Get One,2025-02-11,2025-02-24,14,30.55,True,False,Both,West,2859,89842.36
PR0000656,P00003,S00139,Buy One Get One,2025-03-11,2025-03-29,19,38.75,False,False,In-store,West,5800,204539.12
PR0000657,P00003,S00139,Price Discount,2025-06-13,2025-07-01,19,39.63,False,False,In-store,West,4353,210051.16
PR0000658,P00003,S00139,Coupon,2025-08-03,2025-08-14,12,12.39,False,False,Both,West,1268,51615.67
PR0000659,P00003,S00139,Price Discount,2025-08-17,2025-08-22,6,11.19,True,False,Digital,West,491,168366.53
PR0000660,P00003,S00139,Buy One Get One,2025-08-23,2025-09-06,15,11.02,False,False,Both,West,1217,178848.79
PR0000661,P00003,S00062,Display,2023-04-05,2023-04-12,8,31.88,True,False,In-store,North,1249,120316.49
PR0000662,P00003,S00062,Price Discount,2023-08-27,2023-09-11,16,26.56,False,False,Digital,North,1997,174818.64
PR0000663,P00003,S00062,Bundle,2023-10-06,2023-10-19,14,23.13,False,True,In-store,North,1453,20131.58
PR0000664,P00003,S00062,Buy One Get One,2024-01-19,2024-01-26,8,16.6,False,False,Both,North,734,33698.68
PR0000665,P00003,S00062,Bundle,2024-03-07,2024-03-23,17,8.64,False,True,In-store,North,1492,207253.0
PR0000666,P00003,S00062,Price Discount,2024-04-08,2024-04-28,21,11.52,False,False,Both,North,2325,114224.85
PR0000667,P00003,S00062,Buy One Get One,2024-04-30,2024-05-10,11,15.21,False,False,In-store,North,1148,134351.25
PR0000668,P00003,S00062,Coupon,2024-05-21,2024-05-25,5,7.47,False,False,In-store,North,468,15645.27
PR0000669,P00003,S00062,Price Discount,2024-11-08,2024-11-28,21,28.76,False,False,In-store,North,1872,50814.88
PR0000670,P00003,S00062,Loyalty Offer,2025-01-01,2025-01-18,18,11.04,False,False,In-store,North,812,217467.4
PR0000671,P00003,S00062,Loyalty Offer,2025-02-14,2025-03-05,20,33.0,False,False,Digital,North,1831,145027.41
PR0000672,P00003,S00062,Price Discount,2025-04-28,2025-05-06,9,39.91,False,False,In-store,North,843,152343.07
PR0000673,P00003,S00062,Price Discount,2025-07-03,2025-07-07,5,33.7,True,False,Digital,North,425,20463.66
PR0000674,P00003,S00062,Price Discount,2025-08-22,2025-08-29,8,25.96,False,False,Both,North,572,161524.21
PR0000675,P00003,S00062,Price Discount,2025-09-23,2025-10-04,12,12.72,False,False,In-store,North,354,181581.46
PR0000676,P00003,S00062,Loyalty Offer,2025-10-10,2025-10-23,14,32.03,True,False,Digital,North,1358,115373.3
PR0000677,P00003,S00072,Display,2023-02-01,2023-02-08,8,22.33,True,False,In-store,North,323,145365.17
PR0000678,P00003,S00072,Display,2023-05-07,2023-05-13,7,29.64,True,False,In-store,North,660,124262.59
PR0000679,P00003,S00072,Price Discount,2023-06-07,2023-06-16,10,23.13,False,False,Both,North,591,88853.63
PR0000680,P00003,S00072,Coupon,2023-08-14,2023-08-28,15,36.72,False,False,In-store,North,1410,152200.66
PR0000681,P00003,S00072,Buy One Get One,2024-02-22,2024-03-01,9,25.53,False,False,Digital,North,582,129174.66
PR0000682,P00003,S00072,Price Discount,2024-03-28,2024-04-14,18,13.99,False,False,Digital,North,1150,127332.18
PR0000683,P00003,S00072,Price Discount,2024-10-03,2024-10-14,12,25.52,False,False,Both,North,705,93397.95
PR0000684,P00003,S00072,Display,2025-02-20,2025-03-07,16,21.93,True,False,Digital,North,706,168096.68
PR0000685,P00003,S00072,Coupon,2025-03-24,2025-04-03,11,38.74,False,False,In-store,North,819,127713.42
PR0000686,P00003,S00072,Bundle,2025-05-08,2025-05-13,6,35.95,False,True,In-store,North,872,75782.61
PR0000687,P00003,S00072,Coupon,2025-12-13,2025-12-19,7,9.27,False,False,Both,North,122,188021.74
PR0000688,P00003,S00014,Display,2023-01-31,2023-02-11,12,24.34,True,False,In-store,West,939,130110.19
PR0000689,P00003,S00014,Price Discount,2023-03-09,2023-03-29,21,17.05,False,False,Both,West,1142,137070.7
PR0000690,P00003,S00014,Buy One Get One,2023-04-30,2023-05-05,6,36.9,False,False,Both,West,984,180454.71
PR0000691,P00003,S00014,Loyalty Offer,2023-05-29,2023-06-05,8,28.8,False,False,In-store,West,531,188578.93
PR0000692,P00003,S00014,Buy One Get One,2024-06-02,2024-06-11,10,37.35,True,False,Both,West,1980,188544.62
PR0000693,P00003,S00014,Price Discount,2025-01-07,2025-01-21,15,7.36,False,False,In-store,West,585,40305.26
PR0000694,P00003,S00014,Bundle,2025-01-31,2025-02-07,8,25.45,False,True,In-store,West,629,109194.1
PR0000695,P00003,S00014,Price Discount,2025-10-15,2025-10-21,7,11.79,False,False,In-store,West,147,29098.15
PR0000696,P00003,S00067,Display,2023-12-25,2024-01-10,17,34.98,True,False,In-store,North,534,33049.51
PR0000697,P00003,S00067,Loyalty Offer,2024-04-01,2024-04-15,15,9.69,False,False,Digital,North,558,175988.66
PR0000698,P00003,S00067,Price Discount,2024-05-13,2024-05-19,7,22.81,False,False,Both,North,209,79985.12
PR0000699,P00003,S00067,Price Discount,2024-06-22,2024-07-09,18,32.27,False,False,Digital,North,618,176460.88
PR0000700,P00003,S00067,Buy One Get One,2024-07-21,2024-08-09,20,31.08,False,False,Digital,North,811,115460.73
PR0000701,P00003,S00067,Coupon,2024-08-29,2024-09-11,14,19.86,False,False,In-store,North,337,21482.38
PR0000702,P00003,S00067,Loyalty Offer,2024-11-24,2024-12-03,10,38.82,False,False,Digital,North,310,207572.09
PR0000703,P00003,S00067,Display,2024-12-28,2025-01-06,10,25.97,True,False,In-store,North,152,174901.53
PR0000704,P00003,S00067,Price Discount,2025-06-02,2025-06-11,10,36.47,False,False,In-store,North,168,94432.06
PR0000705,P00003,S00140,Display,2023-02-07,2023-02-16,10,7.28,True,False,In-store,East,168,166773.65
PR0000706,P00003,S00140,Buy One Get One,2023-03-10,2023-03-14,5,29.99,False,False,Digital,East,311,15605.49
PR0000707,P00003,S00140,Display,2023-10-05,2023-10-24,20,18.43,True,False,Digital,East,852,79281.28
PR0000708,P00003,S00140,Price Discount,2023-11-04,2023-11-11,8,39.17,False,False,In-store,East,1514,154975.24
PR0000709,P00003,S00140,Price Discount,2023-12-15,2023-12-29,15,25.28,False,False,In-store,East,689,51556.07
PR0000710,P00003,S00140,Display,2024-01-17,2024-02-03,18,24.15,True,False,Both,East,1142,171143.13
PR0000711,P00003,S00140,Loyalty Offer,2024-07-19,2024-08-05,18,26.46,False,False,Both,East,1048,130013.88
PR0000712,P00003,S00140,Price Discount,2025-01-23,2025-02-11,20,7.29,False,False,In-store,East,632,22008.37
PR0000713,P00003,S00140,Display,2025-03-27,2025-04-03,8,8.89,True,False,In-store,East,471,107591.03
PR0000714,P00003,S00140,Price Discount,2025-04-27,2025-05-15,19,5.52,False,False,In-store,East,595,54248.64
PR0000715,P00003,S00140,Loyalty Offer,2025-05-21,2025-06-04,15,25.62,False,False,In-store,East,859,26318.42
PR0000716,P00003,S00140,Price Discount,2025-07-21,2025-07-31,11,18.45,False,False,Digital,East,443,139757.62
PR0000717,P00003,S00140,Display,2025-08-23,2025-09-07,16,38.38,True,False,In-store,East,1459,59664.03
PR0000718,P00003,S00025,Display,2023-01-04,2023-01-24,21,38.98,True,False,Both,South,3107,166167.54
PR0000719,P00003,S00025,Loyalty Offer,2023-05-24,2023-06-04,12,25.09,False,False,Both,South,1328,143989.97
PR0000720,P00003,S00025,Loyalty Offer,2023-06-14,2023-06-18,5,30.18,False,False,Digital,South,1370,216033.65
PR0000721,P00003,S00025,Loyalty Offer,2023-08-06,2023-08-15,10,19.96,False,False,In-store,South,1233,170361.6
PR0000722,P00003,S00025,Display,2023-10-29,2023-11-02,5,29.12,True,False,In-store,South,597,39425.6
PR0000723,P00003,S00025,Price Discount,2023-11-19,2023-12-02,14,8.62,False,False,Both,South,871,120411.59
PR0000724,P00003,S00025,Price Discount,2024-05-11,2024-05-30,20,23.0,True,False,Digital,South,3745,133185.37
PR0000725,P00003,S00025,Price Discount,2024-07-02,2024-07-06,5,29.52,False,False,Digital,South,1895,88272.78
PR0000726,P00003,S00025,Loyalty Offer,2024-09-20,2024-09-26,7,15.62,False,False,Both,South,560,193466.59
PR0000727,P00003,S00025,Loyalty Offer,2024-11-11,2024-11-21,11,18.21,False,False,Both,South,645,193340.45
PR0000728,P00003,S00025,Coupon,2024-11-27,2024-12-16,20,25.66,False,False,In-store,South,2003,23985.73
PR0000729,P00003,S00025,Buy One Get One,2024-12-21,2025-01-05,16,7.9,False,False,Both,South,1141,72112.39
PR0000730,P00003,S00025,Price Discount,2025-04-29,2025-05-06,8,12.41,False,False,In-store,South,826,177423.07
PR0000731,P00003,S00025,Price Discount,2025-06-06,2025-06-23,18,16.0,False,False,Both,South,2685,164130.46
PR0000732,P00003,S00025,Bundle,2025-07-13,2025-07-27,15,26.82,False,True,In-store,South,3441,201056.23
PR0000733,P00003,S00025,Price Discount,2025-07-29,2025-08-08,11,21.87,False,False,Both,South,2151,24809.9
PR0000734,P00003,S00025,Buy One Get One,2025-09-23,2025-10-13,21,28.22,False,False,Digital,South,2742,217379.09
PR0000735,P00003,S00025,Buy One Get One,2025-10-25,2025-11-11,18,19.95,False,False,In-store,South,1679,80379.93
PR0000736,P00004,S00139,Price Discount,2023-01-22,2023-02-07,17,11.14,False,False,In-store,West,3750,136511.31
PR0000737,P00004,S00139,Bundle,2023-11-12,2023-11-16,5,5.86,False,True,In-store,West,1047,179677.93
PR0000738,P00004,S00139,Price Discount,2023-11-26,2023-12-06,11,26.81,False,False,Both,West,3543,96284.73
PR0000739,P00004,S00139,Loyalty Offer,2023-12-17,2023-12-29,13,31.27,False,False,In-store,West,2797,192683.71
PR0000740,P00004,S00139,Price Discount,2024-01-24,2024-02-10,18,38.74,False,False,Digital,West,7658,156838.54
PR0000741,P00004,S00139,Price Discount,2024-04-13,2024-04-25,13,10.6,False,False,In-store,West,3874,110404.46
PR0000742,P00004,S00139,Price Discount,2024-06-09,2024-06-29,21,19.47,False,False,In-store,West,4916,42306.74
PR0000743,P00004,S00139,Buy One Get One,2024-07-12,2024-07-20,9,37.73,False,False,Both,West,6221,78199.76
PR0000744,P00004,S00139,Loyalty Offer,2025-02-18,2025-03-04,15,22.63,False,False,Both,West,1554,190400.81
PR0000745,P00004,S00139,Price Discount,2025-06-23,2025-07-10,18,35.82,True,False,In-store,West,7850,99431.1
PR0000746,P00004,S00139,Price Discount,2025-10-19,2025-11-05,18,7.23,False,False,In-store,West,1618,70496.26
PR0000747,P00004,S00139,Bundle,2025-12-24,2025-12-31,8,22.64,True,True,In-store,West,1220,164836.58
PR0000748,P00004,S00122,Price Discount,2023-04-11,2023-04-15,5,22.26,False,False,In-store,East,406,40584.16
PR0000749,P00004,S00122,Buy One Get One,2023-04-20,2023-05-08,19,20.86,False,False,In-store,East,1143,189431.7
PR0000750,P00004,S00122,Price Discount,2023-05-09,2023-05-23,15,7.13,False,False,Both,East,501,176715.35
PR0000751,P00004,S00122,Loyalty Offer,2023-05-30,2023-06-08,10,13.55,False,False,In-store,East,333,108640.9
PR0000752,P00004,S00122,Price Discount,2023-08-10,2023-08-16,7,35.06,False,False,Both,East,453,32077.28
PR0000753,P00004,S00122,Price Discount,2023-11-12,2023-11-22,11,36.05,True,False,Digital,East,357,181308.76
PR0000754,P00004,S00122,Coupon,2023-12-06,2023-12-14,9,34.8,False,False,Both,East,246,199760.72
PR0000755,P00004,S00122,Price Discount,2023-12-27,2024-01-15,20,13.32,False,False,Digital,East,300,101126.92
PR0000756,P00004,S00122,Price Discount,2024-06-08,2024-06-24,17,37.51,False,False,Digital,East,953,26512.97
PR0000757,P00004,S00122,Price Discount,2025-04-03,2025-04-09,7,9.93,False,False,In-store,East,145,134677.46
PR0000758,P00004,S00122,Bundle,2025-04-20,2025-04-24,5,39.96,False,True,In-store,East,205,117606.1
PR0000759,P00004,S00122,Coupon,2025-05-18,2025-05-28,11,9.3,False,False,In-store,East,136,112990.77
PR0000760,P00004,S00122,Bundle,2025-06-10,2025-06-26,17,9.15,False,True,Digital,East,284,23698.82
PR0000761,P00004,S00122,Bundle,2025-08-20,2025-09-05,17,14.45,False,True,In-store,East,251,164141.57
PR0000762,P00004,S00122,Loyalty Offer,2025-11-25,2025-12-03,9,29.14,False,False,In-store,East,172,54129.59
PR0000763,P00004,S00122,Bundle,2025-12-26,2025-12-31,6,34.17,True,True,In-store,East,126,87892.01
PR0000764,P00004,S00155,Price Discount,2023-03-09,2023-03-22,14,39.75,False,False,Both,South,4009,108923.64
PR0000765,P00004,S00155,Coupon,2023-04-03,2023-04-19,17,26.89,False,False,In-store,South,3476,94532.18
PR0000766,P00004,S00155,Display,2023-07-27,2023-08-14,19,23.15,True,False,In-store,South,3663,165362.63
PR0000767,P00004,S00155,Loyalty Offer,2024-03-28,2024-04-12,16,6.61,False,False,Both,South,1776,106204.36
PR0000768,P00004,S00155,Coupon,2024-04-16,2024-05-03,18,6.65,False,False,Both,South,1474,95303.76
PR0000769,P00004,S00155,Buy One Get One,2024-08-11,2024-08-29,19,21.65,False,False,In-store,South,3103,112443.99
PR0000770,P00004,S00155,Buy One Get One,2025-02-08,2025-02-20,13,23.58,True,False,Digital,South,1801,190141.62
PR0000771,P00004,S00155,Buy One Get One,2025-03-06,2025-03-26,21,26.39,False,False,Both,South,4506,55841.82
PR0000772,P00004,S00155,Loyalty Offer,2025-05-27,2025-06-13,18,14.25,False,False,In-store,South,1794,175804.9
PR0000773,P00004,S00155,Display,2025-06-26,2025-07-15,20,15.13,True,False,Both,South,1827,157499.41
PR0000774,P00004,S00155,Bundle,2025-08-14,2025-08-24,11,32.41,False,True,In-store,South,1663,182104.09
PR0000775,P00004,S00155,Price Discount,2025-10-01,2025-10-19,19,21.17,False,False,Digital,South,2080,94953.62
PR0000776,P00004,S00155,Coupon,2025-11-10,2025-11-29,20,36.53,False,False,In-store,South,3138,180724.48
PR0000777,P00004,S00155,Coupon,2025-12-27,2025-12-31,5,15.14,False,False,Both,South,280,184815.12
PR0000778,P00004,S00014,Price Discount,2023-03-13,2023-03-22,10,31.39,False,False,Digital,West,1813,113655.41
PR0000779,P00004,S00014,Price Discount,2023-03-23,2023-04-04,13,31.82,True,False,In-store,West,3599,99476.17
PR0000780,P00004,S00014,Loyalty Offer,2023-07-01,2023-07-12,12,37.79,False,False,Both,West,2802,71676.55
PR0000781,P00004,S00014,Display,2023-12-21,2023-12-30,10,17.92,True,False,Both,West,960,200001.55
PR0000782,P00004,S00014,Coupon,2024-01-26,2024-02-10,16,36.15,False,False,In-store,West,1862,183178.17
PR0000783,P00004,S00014,Price Discount,2024-02-14,2024-02-20,7,14.01,False,False,Digital,West,690,165734.34
PR0000784,P00004,S00014,Bundle,2024-03-03,2024-03-10,8,10.86,False,True,In-store,West,610,37440.76
PR0000785,P00004,S00014,Loyalty Offer,2024-03-27,2024-04-05,10,28.27,False,False,Both,West,1964,21913.73
PR0000786,P00004,S00014,Display,2024-06-04,2024-06-22,19,34.86,True,False,Both,West,2917,17182.76
PR0000787,P00004,S00014,Display,2024-07-01,2024-07-20,20,20.01,True,False,Both,West,1707,163516.89
PR0000788,P00004,S00014,Display,2024-09-29,2024-10-10,12,19.51,True,False,Digital,West,1023,173701.51
PR0000789,P00004,S00014,Price Discount,2025-08-15,2025-09-01,18,33.03,False,False,In-store,West,1459,32347.51
PR0000790,P00004,S00080,Loyalty Offer,2023-01-07,2023-01-20,14,35.11,False,False,In-store,West,5209,62236.7
PR0000791,P00004,S00080,Coupon,2023-01-30,2023-02-18,20,33.49,False,False,Both,West,6936,101698.45
PR0000792,P00004,S00080,Buy One Get One,2023-05-17,2023-06-05,20,24.24,False,False,Digital,West,6219,63070.44
PR0000793,P00004,S00080,Price Discount,2023-09-04,2023-09-20,17,28.67,False,False,Digital,West,4034,160323.9
PR0000794,P00004,S00080,Price Discount,2023-09-29,2023-10-16,18,7.02,False,False,In-store,West,2514,128316.32
PR0000795,P00004,S00080,Loyalty Offer,2024-03-04,2024-03-21,18,30.28,False,False,Both,West,5068,20162.48
PR0000796,P00004,S00080,Bundle,2024-03-26,2024-04-05,11,12.72,False,True,Both,West,2426,182695.42
PR0000797,P00004,S00080,Price Discount,2024-04-23,2024-05-03,11,6.05,True,False,In-store,West,1715,186761.97
PR0000798,P00004,S00080,Bundle,2024-05-04,2024-05-19,16,19.4,True,True,In-store,West,5131,174808.4
PR0000799,P00004,S00080,Bundle,2025-02-28,2025-03-11,12,35.26,True,True,In-store,West,2223,151955.56
PR0000800,P00004,S00080,Bundle,2025-04-25,2025-05-13,19,9.93,False,True,In-store,West,2028,165077.21
PR0000801,P00004,S00080,Price Discount,2025-06-24,2025-06-29,6,6.6,False,False,In-store,West,433,80447.11
PR0000802,P00004,S00080,Bundle,2025-07-01,2025-07-15,15,29.21,False,True,In-store,West,1955,178087.73
PR0000803,P00004,S00080,Buy One Get One,2025-07-19,2025-08-03,16,23.59,False,False,Both,West,2253,132001.86
PR0000804,P00004,S00080,Display,2025-11-14,2025-11-20,7,24.16,True,False,Both,West,287,162505.17
PR0000805,P00004,S00047,Bundle,2023-05-31,2023-06-15,16,8.8,True,True,Both,South,3785,136115.81
PR0000806,P00004,S00047,Buy One Get One,2023-06-22,2023-07-11,20,7.14,False,False,In-store,South,4621,90015.26
PR0000807,P00004,S00047,Price Discount,2023-09-11,2023-09-24,14,23.97,True,False,In-store,South,4064,209321.47
PR0000808,P00004,S00047,Price Discount,2023-12-02,2023-12-18,17,38.45,False,False,Both,South,6457,188250.61
PR0000809,P00004,S00047,Price Discount,2024-03-26,2024-04-11,17,34.63,True,False,Digital,South,7897,124548.42
PR0000810,P00004,S00047,Bundle,2024-05-20,2024-06-05,17,24.17,False,True,In-store,South,6815,173736.33
PR0000811,P00004,S00047,Price Discount,2024-07-29,2024-08-11,14,38.55,False,False,Digital,South,8183,44657.71
PR0000812,P00004,S00047,Loyalty Offer,2024-12-25,2025-01-10,17,21.2,False,False,In-store,South,2553,24161.03
PR0000813,P00004,S00047,Bundle,2025-05-01,2025-05-06,6,38.65,False,True,Both,South,3517,17483.68
PR0000814,P00004,S00047,Buy One Get One,2025-05-14,2025-05-31,18,5.9,False,False,In-store,South,2955,38687.97
PR0000815,P00004,S00047,Price Discount,2025-07-19,2025-08-01,14,8.52,False,False,In-store,South,2171,73737.63
PR0000816,P00004,S00047,Buy One Get One,2025-08-18,2025-08-23,6,14.56,False,False,In-store,South,1641,125497.84
PR0000817,P00004,S00047,Loyalty Offer,2025-09-07,2025-09-20,14,15.9,False,False,Digital,South,3212,27715.6
PR0000818,P00004,S00047,Display,2025-11-17,2025-12-05,19,37.64,True,False,In-store,South,6930,205779.09
PR0000819,P00004,S00126,Coupon,2023-02-17,2023-03-06,18,23.28,False,False,Both,South,11027,176786.52
PR0000820,P00004,S00126,Buy One Get One,2023-03-10,2023-03-18,9,8.6,False,False,Digital,South,3336,203638.38
PR0000821,P00004,S00126,Coupon,2023-09-02,2023-09-17,16,36.92,False,False,In-store,South,6171,150748.15
PR0000822,P00004,S00126,Buy One Get One,2023-10-19,2023-10-31,13,15.68,False,False,Digital,South,2839,76182.38
PR0000823,P00004,S00126,Price Discount,2024-07-26,2024-08-10,16,26.18,True,False,In-store,South,5531,139713.44
PR0000824,P00004,S00126,Display,2024-10-17,2024-10-21,5,8.6,True,False,In-store,South,770,55780.73
PR0000825,P00004,S00126,Price Discount,2025-01-03,2025-01-20,18,17.77,False,False,Digital,South,2753,88466.71
PR0000826,P00004,S00126,Price Discount,2025-06-18,2025-07-02,15,12.75,False,False,Digital,South,2272,67334.18
PR0000827,P00004,S00126,Bundle,2025-07-07,2025-07-12,6,21.6,False,True,In-store,South,2055,99056.46
PR0000828,P00004,S00126,Price Discount,2025-09-24,2025-09-29,6,21.46,False,False,Digital,South,638,184211.63
PR0000829,P00004,S00025,Price Discount,2023-04-26,2023-05-12,17,8.45,False,False,Both,South,4920,63762.95
PR0000830,P00004,S00025,Display,2023-05-14,2023-05-30,17,10.4,True,False,In-store,South,7299,94458.9
PR0000831,P00004,S00025,Display,2023-06-21,2023-07-06,16,29.96,True,False,In-store,South,10441,129889.39
PR0000832,P00004,S00025,Display,2023-08-29,2023-09-10,13,29.41,True,False,Digital,South,7231,214556.31
PR0000833,P00004,S00025,Price Discount,2024-01-15,2024-01-30,16,23.34,False,False,Digital,South,4585,173931.06
PR0000834,P00004,S00025,Price Discount,2024-03-12,2024-03-27,16,33.6,False,False,In-store,South,9516,171287.24
PR0000835,P00004,S00025,Price Discount,2024-04-07,2024-04-22,16,8.95,False,False,Digital,South,4929,117974.46
PR0000836,P00004,S00025,Price Discount,2024-05-05,2024-05-10,6,17.34,False,False,In-store,South,1659,153545.73
PR0000837,P00004,S00025,Coupon,2025-05-12,2025-05-17,6,21.22,False,False,Both,South,1543,156664.18
PR0000838,P00004,S00053,Buy One Get One,2023-08-17,2023-08-26,10,5.07,True,False,In-store,South,1187,112629.28
PR0000839,P00004,S00053,Price Discount,2024-07-27,2024-08-01,6,8.91,False,False,Both,South,183,16065.72
PR0000840,P00004,S00053,Buy One Get One,2024-08-31,2024-09-08,9,24.45,True,False,In-store,South,1517,34511.76
PR0000841,P00004,S00053,Price Discount,2024-10-31,2024-11-07,8,29.55,True,False,Both,South,884,142990.66
PR0000842,P00004,S00053,Price Discount,2024-11-20,2024-11-28,9,27.7,False,False,Digital,South,437,79004.3
PR0000843,P00004,S00053,Price Discount,2025-03-16,2025-03-29,14,32.03,False,False,Digital,South,1293,92318.16
PR0000844,P00004,S00053,Buy One Get One,2025-04-22,2025-05-06,15,30.75,True,False,Digital,South,2011,107559.27
PR0000845,P00004,S00053,Price Discount,2025-05-10,2025-05-17,8,23.51,False,False,In-store,South,1042,155267.07
PR0000846,P00004,S00053,Loyalty Offer,2025-08-25,2025-09-14,21,22.8,False,False,In-store,South,1152,90995.0
PR0000847,P00004,S00053,Buy One Get One,2025-10-29,2025-11-05,8,15.04,False,False,In-store,South,143,197107.92
PR0000848,P00004,S00053,Loyalty Offer,2025-12-15,2025-12-20,6,22.18,False,False,Both,South,112,151672.86
PR0000849,P00004,S00108,Display,2023-04-07,2023-04-22,16,27.11,True,False,Both,East,11044,211094.44
PR0000850,P00004,S00108,Price Discount,2023-05-01,2023-05-06,6,22.83,False,False,In-store,East,3324,174999.62
PR0000851,P00004,S00108,Price Discount,2023-06-12,2023-06-18,7,36.97,False,False,Digital,East,6403,179933.01
PR0000852,P00004,S00108,Display,2023-07-24,2023-08-05,13,9.61,True,False,In-store,East,3403,133803.69
PR0000853,P00004,S00108,Bundle,2023-09-11,2023-09-24,14,15.79,True,True,Digital,East,4457,120133.13
PR0000854,P00004,S00108,Bundle,2023-10-01,2023-10-20,20,35.84,False,True,In-store,East,11051,151168.46
PR0000855,P00004,S00108,Price Discount,2023-11-01,2023-11-17,17,19.88,False,False,Both,East,5797,17533.77
PR0000856,P00004,S00108,Display,2024-03-15,2024-04-03,20,20.59,True,False,In-store,East,5261,24285.51
PR0000857,P00004,S00108,Bundle,2024-05-28,2024-06-17,21,37.02,False,True,Digital,East,15782,204138.85
PR0000858,P00004,S00108,Loyalty Offer,2024-09-29,2024-10-10,12,35.99,False,False,Both,East,2997,79607.62
PR0000859,P00004,S00108,Price Discount,2024-11-09,2024-11-15,7,14.5,True,False,Both,East,718,32133.55
PR0000860,P00004,S00108,Loyalty Offer,2025-02-14,2025-02-21,8,16.54,False,False,In-store,East,1100,22542.82
PR0000861,P00004,S00108,Price Discount,2025-02-26,2025-03-17,20,30.35,False,False,In-store,East,5879,115815.37
PR0000862,P00004,S00108,Display,2025-10-28,2025-11-13,17,29.64,True,False,In-store,East,1105,126991.44
PR0000863,P00004,S00108,Bundle,2025-12-27,2025-12-31,5,19.72,False,True,Digital,East,393,38603.49
PR0000864,P00004,S00167,Coupon,2023-01-22,2023-01-30,9,16.32,False,False,In-store,East,608,137759.96
PR0000865,P00004,S00167,Price Discount,2023-05-05,2023-05-13,9,35.52,False,False,Digital,East,962,162475.65
PR0000866,P00004,S00167,Loyalty Offer,2023-05-20,2023-05-31,12,31.96,False,False,In-store,East,1971,81753.9
PR0000867,P00004,S00167,Price Discount,2023-06-07,2023-06-15,9,32.24,True,False,In-store,East,1996,205438.27
PR0000868,P00004,S00167,Price Discount,2023-07-22,2023-07-30,9,13.22,False,False,Digital,East,785,19060.26
PR0000869,P00004,S00167,Loyalty Offer,2023-08-28,2023-09-06,10,12.31,False,False,In-store,East,458,176040.97
PR0000870,P00004,S00167,Coupon,2023-09-21,2023-10-06,16,23.54,False,False,Digital,East,1116,31376.78
PR0000871,P00004,S00167,Price Discount,2023-10-17,2023-11-01,16,33.13,True,False,In-store,East,2936,43676.83
PR0000872,P00004,S00167,Display,2024-05-10,2024-05-17,8,15.29,True,False,In-store,East,441,187782.9
PR0000873,P00004,S00167,Buy One Get One,2024-06-12,2024-06-19,8,10.24,False,False,In-store,East,505,83320.04
PR0000874,P00004,S00167,Bundle,2024-07-24,2024-08-12,20,30.9,False,True,Both,East,2547,33138.34
PR0000875,P00004,S00167,Display,2025-03-21,2025-03-28,8,13.57,True,False,In-store,East,207,48654.18
PR0000876,P00004,S00167,Price Discount,2025-05-11,2025-05-17,7,39.15,True,False,Both,East,749,101823.33
PR0000877,P00004,S00167,Coupon,2025-06-09,2025-06-27,19,31.7,False,False,Both,East,1143,205061.9
PR0000878,P00004,S00167,Bundle,2025-07-09,2025-07-16,8,32.73,False,True,In-store,East,638,61287.15
PR0000879,P00004,S00167,Price Discount,2025-08-04,2025-08-12,9,16.96,False,False,Both,East,558,169911.06
PR0000880,P00004,S00167,Display,2025-09-07,2025-09-14,8,6.86,True,False,In-store,East,170,123372.15
PR0000881,P00004,S00167,Bundle,2025-09-25,2025-10-11,17,11.69,False,True,Digital,East,612,80308.98
PR0000882,P00004,S00195,Price Discount,2023-05-03,2023-05-22,20,25.45,False,False,In-store,South,5356,18372.83
PR0000883,P00004,S00195,Price Discount,2023-06-22,2023-07-04,13,5.44,False,False,Both,South,1271,182809.59
PR0000884,P00004,S00195,Buy One Get One,2023-11-09,2023-11-13,5,15.79,False,False,Digital,South,189,71927.81
PR0000885,P00004,S00195,Price Discount,2023-11-24,2023-11-29,6,37.16,False,False,Both,South,1167,69270.18
PR0000886,P00004,S00195,Buy One Get One,2024-05-23,2024-05-30,8,31.89,False,False,In-store,South,1534,164583.61
PR0000887,P00004,S00195,Buy One Get One,2024-06-18,2024-06-29,12,33.9,False,False,Both,South,2395,148772.35
PR0000888,P00004,S00195,Bundle,2024-07-11,2024-07-26,16,20.69,False,True,Digital,South,2028,143787.75
PR0000889,P00004,S00195,Display,2024-09-27,2024-10-06,10,7.72,True,False,Digital,South,445,67269.2
PR0000890,P00004,S00195,Loyalty Offer,2025-04-03,2025-04-10,8,30.71,False,False,Digital,South,1266,60166.05
PR0000891,P00004,S00195,Buy One Get One,2025-04-30,2025-05-08,9,11.36,True,False,In-store,South,763,40641.44
PR0000892,P00004,S00195,Buy One Get One,2025-10-30,2025-11-06,8,39.18,False,False,In-store,South,448,132415.52
PR0000893,P00004,S00092,Buy One Get One,2023-03-27,2023-04-14,19,30.07,False,False,Digital,East,9033,210226.41
PR0000894,P00004,S00092,Bundle,2023-04-22,2023-04-28,7,16.0,False,True,Digital,East,2885,89836.32
PR0000895,P00004,S00092,Bundle,2023-05-17,2023-05-23,7,21.75,False,True,Both,East,2369,195720.29
PR0000896,P00004,S00092,Coupon,2023-06-09,2023-06-13,5,11.53,False,False,Both,East,968,30270.4
PR0000897,P00004,S00092,Bundle,2023-07-25,2023-08-13,20,8.21,False,True,In-store,East,4190,48559.01
PR0000898,P00004,S00092,Buy One Get One,2023-10-20,2023-10-30,11,10.78,False,False,In-store,East,1338,72634.61
PR0000899,P00004,S00092,Display,2023-11-06,2023-11-25,20,20.23,True,False,In-store,East,3498,164053.74
PR0000900,P00004,S00092,Price Discount,2024-01-13,2024-01-17,5,34.41,False,False,Both,East,772,204055.57
PR0000901,P00004,S00092,Bundle,2024-02-07,2024-02-22,16,30.91,False,True,Digital,East,4781,113774.11
PR0000902,P00004,S00092,Buy One Get One,2024-03-02,2024-03-13,12,28.48,False,False,In-store,East,4404,44896.36
PR0000903,P00004,S00092,Coupon,2024-03-15,2024-03-28,14,32.79,False,False,Both,East,6861,78365.96
PR0000904,P00004,S00092,Price Discount,2024-04-02,2024-04-18,17,28.32,False,False,In-store,East,5617,31065.49
PR0000905,P00004,S00092,Loyalty Offer,2024-05-01,2024-05-15,15,32.65,False,False,Digital,East,5881,28371.85
PR0000906,P00004,S00092,Bundle,2024-09-03,2024-09-09,7,28.86,False,True,In-store,East,3161,170104.0
PR0000907,P00004,S00092,Price Discount,2024-10-04,2024-10-24,21,9.48,False,False,In-store,East,2377,195920.83
PR0000908,P00004,S00092,Bundle,2024-12-07,2024-12-14,8,26.62,False,True,Digital,East,1473,123687.91
PR0000909,P00004,S00092,Bundle,2025-04-04,2025-04-20,17,38.67,False,True,In-store,East,7080,191537.19
PR0000910,P00004,S00092,Buy One Get One,2025-07-10,2025-07-29,20,35.71,True,False,In-store,East,9953,218516.48
PR0000911,P00004,S00092,Bundle,2025-09-01,2025-09-14,14,34.65,True,True,Both,East,3827,151553.85
PR0000912,P00004,S00092,Display,2025-11-20,2025-12-02,13,13.46,True,False,Both,East,1121,46295.13
PR0000913,P00004,S00048,Bundle,2023-01-06,2023-01-20,15,37.7,False,True,In-store,North,4601,135115.66
PR0000914,P00004,S00048,Buy One Get One,2023-02-24,2023-03-16,21,22.73,False,False,In-store,North,8538,62874.36
PR0000915,P00004,S00048,Bundle,2023-09-28,2023-10-14,17,16.54,False,True,Digital,North,2550,143102.21
PR0000916,P00004,S00048,Price Discount,2024-02-05,2024-02-24,20,28.12,False,False,In-store,North,4052,116519.28
PR0000917,P00004,S00048,Bundle,2024-04-06,2024-04-15,10,29.88,True,True,In-store,North,6141,17720.61
PR0000918,P00004,S00048,Loyalty Offer,2024-04-16,2024-04-20,5,19.66,False,False,Both,North,1390,145368.72
PR0000919,P00004,S00048,Price Discount,2024-10-11,2024-10-20,10,35.58,False,False,Digital,North,1576,23227.48
PR0000920,P00004,S00048,Loyalty Offer,2024-12-04,2024-12-14,11,38.64,False,False,In-store,North,1124,38232.45
PR0000921,P00004,S00048,Bundle,2025-02-02,2025-02-10,9,9.6,False,True,Both,North,654,93798.36
PR0000922,P00004,S00048,Price Discount,2025-04-25,2025-04-29,5,9.0,False,False,Digital,North,479,166584.63
PR0000923,P00004,S00048,Price Discount,2025-05-06,2025-05-22,17,25.39,False,False,In-store,North,2999,64431.14
PR0000924,P00004,S00048,Coupon,2025-06-26,2025-07-09,14,25.25,False,False,Digital,North,1225,213181.43
PR0000925,P00004,S00048,Bundle,2025-09-01,2025-09-12,12,23.83,False,True,In-store,North,1142,141753.38
PR0000926,P00004,S00048,Buy One Get One,2025-09-17,2025-09-30,14,12.65,True,False,In-store,North,1521,219356.1
PR0000927,P00004,S00048,Loyalty Offer,2025-11-25,2025-12-09,15,5.02,False,False,Digital,North,950,120847.82
PR0000928,P00004,S00026,Price Discount,2023-05-28,2023-06-01,5,5.07,False,False,Digital,North,921,134679.69
PR0000929,P00004,S00026,Display,2023-06-03,2023-06-23,21,14.04,True,False,Both,North,5172,193633.41
PR0000930,P00004,S00026,Price Discount,2023-07-01,2023-07-20,20,27.92,False,False,Both,North,7205,98338.43
PR0000931,P00004,S00026,Loyalty Offer,2024-01-10,2024-01-25,16,8.34,False,False,In-store,North,1411,45385.01
PR0000932,P00004,S00026,Buy One Get One,2024-03-02,2024-03-21,20,36.2,True,False,In-store,North,7562,166292.66
PR0000933,P00004,S00026,Coupon,2024-03-30,2024-04-04,6,21.83,False,False,Digital,North,1184,21319.7
PR0000934,P00004,S00026,Display,2024-06-03,2024-06-14,12,26.13,True,False,Both,North,3999,185980.58
PR0000935,P00004,S00026,Display,2024-08-01,2024-08-15,15,17.85,True,False,In-store,North,3569,138004.82
PR0000936,P00004,S00026,Display,2024-11-03,2024-11-08,6,36.34,True,False,Digital,North,2057,59634.64
PR0000937,P00004,S00026,Coupon,2025-01-20,2025-02-03,15,27.0,False,False,Digital,North,3249,152048.66
PR0000938,P00004,S00026,Display,2025-05-29,2025-06-02,5,32.03,True,False,In-store,North,821,49584.45
PR0000939,P00004,S00049,Buy One Get One,2023-10-06,2023-10-12,7,17.03,False,False,In-store,West,388,159738.67
PR0000940,P00004,S00049,Bundle,2024-01-15,2024-01-26,12,5.55,False,True,Both,West,627,55747.11
PR0000941,P00004,S00049,Loyalty Offer,2024-05-18,2024-05-26,9,33.81,False,False,In-store,West,894,161727.99
PR0000942,P00004,S00049,Price Discount,2024-07-07,2024-07-25,19,29.79,False,False,Digital,West,1386,121504.42
PR0000943,P00004,S00049,Price Discount,2024-10-28,2024-11-16,20,17.52,False,False,Digital,West,786,90201.78
PR0000944,P00004,S00049,Coupon,2025-02-19,2025-03-04,14,20.36,False,False,Digital,West,867,17504.25
PR0000945,P00004,S00049,Display,2025-06-20,2025-07-07,18,25.25,True,False,Digital,West,1734,17621.91
PR0000946,P00004,S00106,Buy One Get One,2023-03-17,2023-03-26,10,33.1,False,False,Both,North,2479,190840.3
PR0000947,P00004,S00106,Price Discount,2023-06-27,2023-07-04,8,26.26,False,False,Both,North,750,100468.98
PR0000948,P00004,S00106,Price Discount,2023-07-24,2023-07-28,5,39.09,False,False,In-store,North,459,61477.24
PR0000949,P00004,S00106,Buy One Get One,2023-09-20,2023-09-30,11,33.88,True,False,In-store,North,720,63273.6
PR0000950,P00004,S00106,Loyalty Offer,2023-12-11,2023-12-25,15,11.0,False,False,Both,North,337,97988.0
PR0000951,P00004,S00106,Price Discount,2024-01-10,2024-01-25,16,25.2,True,False,In-store,North,456,139106.88
PR0000952,P00004,S00106,Price Discount,2024-02-24,2024-03-05,11,33.1,False,False,Both,North,0,179705.61
PR0000953,P00004,S00106,Display,2024-04-02,2024-04-22,21,37.13,True,False,Both,North,625,154795.98
PR0000954,P00004,S00106,Price Discount,2024-05-28,2024-06-01,5,20.44,False,False,In-store,North,246,19114.81
PR0000955,P00004,S00106,Buy One Get One,2024-08-31,2024-09-16,17,35.27,True,False,Both,North,1266,189179.9
PR0000956,P00004,S00106,Price Discount,2024-11-26,2024-11-30,5,27.14,False,False,In-store,North,331,213713.51
PR0000957,P00004,S00106,Bundle,2025-02-03,2025-02-23,21,26.35,True,True,Both,North,1484,111174.16
PR0000958,P00004,S00106,Loyalty Offer,2025-03-15,2025-04-03,20,22.75,False,False,In-store,North,1423,37237.05
PR0000959,P00004,S00106,Coupon,2025-06-17,2025-07-03,17,32.56,False,False,In-store,North,1213,72088.03
PR0000960,P00004,S00106,Buy One Get One,2025-07-22,2025-07-31,10,32.02,True,False,In-store,North,1210,43438.3
PR0000961,P00004,S00097,Coupon,2023-02-21,2023-02-25,5,31.28,False,False,In-store,North,205,23643.66
PR0000962,P00004,S00097,Loyalty Offer,2023-03-10,2023-03-17,8,22.17,False,False,In-store,North,297,148278.54
PR0000963,P00004,S00097,Price Discount,2023-05-04,2023-05-18,15,26.29,False,False,Both,North,513,194846.89
PR0000964,P00004,S00097,Buy One Get One,2023-05-30,2023-06-05,7,39.98,False,False,In-store,North,469,21241.15
PR0000965,P00004,S00097,Display,2023-11-11,2023-11-16,6,5.29,True,False,Both,North,54,83976.14
PR0000966,P00004,S00097,Loyalty Offer,2024-02-24,2024-03-04,10,18.61,False,False,In-store,North,153,133175.25
PR0000967,P00004,S00097,Display,2024-04-08,2024-04-18,11,15.11,True,False,Both,North,260,23214.47
PR0000968,P00004,S00097,Bundle,2025-02-22,2025-03-12,19,18.46,False,True,In-store,North,495,198701.2
PR0000969,P00004,S00097,Loyalty Offer,2025-03-22,2025-04-10,20,7.39,False,False,In-store,North,317,167116.3
PR0000970,P00004,S00097,Display,2025-04-11,2025-04-17,7,32.54,True,False,In-store,North,195,192888.88
PR0000971,P00004,S00097,Buy One Get One,2025-04-28,2025-05-03,6,10.5,False,False,Both,North,97,164688.98
PR0000972,P00004,S00097,Display,2025-06-04,2025-06-20,17,36.67,True,False,In-store,North,466,120579.28
PR0000973,P00004,S00097,Price Discount,2025-06-27,2025-07-10,14,35.07,False,False,In-store,North,579,23743.93
PR0000974,P00004,S00097,Buy One Get One,2025-09-04,2025-09-20,17,37.38,False,False,Both,North,613,150258.78
PR0000975,P00004,S00097,Buy One Get One,2025-10-26,2025-11-12,18,8.21,True,False,Digital,North,184,36048.28
PR0000976,P00004,S00136,Bundle,2023-04-20,2023-04-28,9,13.71,False,True,Both,South,2645,29662.94
PR0000977,P00004,S00136,Coupon,2023-07-02,2023-07-19,18,29.16,False,False,Both,South,6766,135064.91
PR0000978,P00004,S00136,Loyalty Offer,2023-09-21,2023-10-08,18,21.87,False,False,Digital,South,2886,21558.12
PR0000979,P00004,S00136,Buy One Get One,2024-01-31,2024-02-11,12,23.04,False,False,In-store,South,3115,116727.33
PR0000980,P00004,S00136,Price Discount,2024-02-12,2024-02-27,16,24.49,False,False,Both,South,4235,58585.03
PR0000981,P00004,S00136,Price Discount,2024-03-21,2024-03-30,10,34.94,False,False,In-store,South,6781,115433.64
PR0000982,P00004,S00136,Price Discount,2024-08-16,2024-09-03,19,13.57,False,False,Digital,South,2432,202963.52
PR0000983,P00004,S00136,Price Discount,2025-05-17,2025-05-23,7,29.84,False,False,In-store,South,750,218589.94
PR0000984,P00004,S00136,Price Discount,2025-06-21,2025-07-05,15,34.54,False,False,Digital,South,3163,106020.03
PR0000985,P00004,S00147,Bundle,2023-01-06,2023-01-26,21,18.61,False,True,In-store,West,2098,64255.06
PR0000986,P00004,S00147,Bundle,2023-04-12,2023-04-26,15,10.79,False,True,In-store,West,2440,69374.81
PR0000987,P00004,S00147,Buy One Get One,2023-05-12,2023-05-18,7,13.72,False,False,In-store,West,740,27239.2
PR0000988,P00004,S00147,Coupon,2023-05-31,2023-06-13,14,14.5,False,False,Digital,West,1904,105281.51
PR0000989,P00004,S00147,Price Discount,2023-08-06,2023-08-22,17,16.95,False,False,In-store,West,1529,208617.41
PR0000990,P00004,S00147,Price Discount,2023-09-30,2023-10-12,13,22.42,False,False,In-store,West,913,203484.08
PR0000991,P00004,S00147,Loyalty Offer,2024-03-19,2024-04-01,14,10.05,False,False,Both,West,1782,25299.14
PR0000992,P00004,S00147,Price Discount,2024-05-06,2024-05-14,9,33.17,True,False,Digital,West,936,94003.79
PR0000993,P00004,S00147,Coupon,2024-06-18,2024-07-06,19,13.16,False,False,Digital,West,1320,104579.32
PR0000994,P00004,S00147,Buy One Get One,2024-11-05,2024-11-24,20,34.34,False,False,In-store,West,1520,125536.44
PR0000995,P00004,S00147,Display,2025-02-23,2025-03-09,15,14.81,True,False,Both,West,1355,165463.7
PR0000996,P00004,S00147,Price Discount,2025-05-31,2025-06-11,12,21.0,False,False,In-store,West,976,47569.4
PR0000997,P00004,S00147,Bundle,2025-06-24,2025-07-02,9,30.26,True,True,Both,West,1777,153682.78
PR0000998,P00004,S00147,Loyalty Offer,2025-11-12,2025-11-27,16,14.01,False,False,Both,West,644,169008.51
PR0000999,P00004,S00023,Coupon,2023-02-19,2023-03-01,11,18.14,True,False,Both,North,4426,30032.9
PR0001000,P00004,S00023,Buy One Get One,2023-04-11,2023-04-27,17,14.18,False,False,Digital,North,5264,89560.62
